date,us_cpi,us10y,kr_cpi,us30y,kr3y,kr10y,kr30y
1950-01-01,23.51,,,,,,
1950-02-01,23.61,,,,,,
1950-03-01,23.64,,,,,,
1950-04-01,23.65,,,,,,
1950-05-01,23.77,,,,,,
1950-06-01,23.88,,,,,,
1950-07-01,24.07,,,,,,
1950-08-01,24.2,,,,,,
1950-09-01,24.34,,,,,,
1950-10-01,24.5,,,,,,
1950-11-01,24.6,,,,,,
1950-12-01,24.98,,,,,,
1951-01-01,25.38,,,,,,
1951-02-01,25.83,,,,,,
1951-03-01,25.88,,,,,,
1951-04-01,25.92,,,,,,
1951-05-01,25.99,,,,,,
1951-06-01,25.93,,,,,,
1951-07-01,25.91,,,,,,
1951-08-01,25.86,,,,,,
1951-09-01,26.03,,,,,,
1951-10-01,26.16,,,,,,
1951-11-01,26.32,,,,,,
1951-12-01,26.47,,,,,,
1952-01-01,26.45,,,,,,
1952-02-01,26.41,,,,,,
1952-03-01,26.39,,,,,,
1952-04-01,26.46,,,,,,
1952-05-01,26.47,,,,,,
1952-06-01,26.53,,,,,,
1952-07-01,26.68,,,,,,
1952-08-01,26.69,,,,,,
1952-09-01,26.63,,,,,,
1952-10-01,26.69,,,,,,
1952-11-01,26.69,,,,,,
1952-12-01,26.71,,,,,,
1953-01-01,26.64,,,,,,
1953-02-01,26.59,,,,,,
1953-03-01,26.63,,,,,,
1953-04-01,26.69,,,,,,
1953-05-01,26.7,,,,,,
1953-06-01,26.77,,,,,,
1953-07-01,26.79,,,,,,
1953-08-01,26.85,,,,,,
1953-09-01,26.89,,,,,,
1953-10-01,26.95,,,,,,
1953-11-01,26.85,,,,,,
1953-12-01,26.87,,,,,,
1954-01-01,26.94,,,,,,
1954-02-01,26.99,,,,,,
1954-03-01,26.93,,,,,,
1954-04-01,26.86,,,,,,
1954-05-01,26.93,,,,,,
1954-06-01,26.94,,,,,,
1954-07-01,26.86,,,,,,
1954-08-01,26.85,,,,,,
1954-09-01,26.81,,,,,,
1954-10-01,26.72,,,,,,
1954-11-01,26.78,,,,,,
1954-12-01,26.77,,,,,,
1955-01-01,26.77,,,,,,
1955-02-01,26.82,,,,,,
1955-03-01,26.79,,,,,,
1955-04-01,26.79,,,,,,
1955-05-01,26.77,,,,,,
1955-06-01,26.71,,,,,,
1955-07-01,26.76,,,,,,
1955-08-01,26.72,,,,,,
1955-09-01,26.85,,,,,,
1955-10-01,26.82,,,,,,
1955-11-01,26.88,,,,,,
1955-12-01,26.87,,,,,,
1956-01-01,26.83,,,,,,
1956-02-01,26.86,,,,,,
1956-03-01,26.89,,,,,,
1956-04-01,26.93,,,,,,
1956-05-01,27.03,,,,,,
1956-06-01,27.15,,,,,,
1956-07-01,27.29,,,,,,
1956-08-01,27.31,,,,,,
1956-09-01,27.35,,,,,,
1956-10-01,27.51,,,,,,
1956-11-01,27.51,,,,,,
1956-12-01,27.63,,,,,,
1957-01-01,27.67,,,,,,
1957-02-01,27.8,,,,,,
1957-03-01,27.86,,,,,,
1957-04-01,27.93,,,,,,
1957-05-01,28.0,,,,,,
1957-06-01,28.11,,,,,,
1957-07-01,28.19,,,,,,
1957-08-01,28.28,,,,,,
1957-09-01,28.32,,,,,,
1957-10-01,28.32,,,,,,
1957-11-01,28.41,,,,,,
1957-12-01,28.47,,,,,,
1958-01-01,28.64,,,,,,
1958-02-01,28.7,,,,,,
1958-03-01,28.87,,,,,,
1958-04-01,28.94,,,,,,
1958-05-01,28.94,,,,,,
1958-06-01,28.91,,,,,,
1958-07-01,28.89,,,,,,
1958-08-01,28.94,,,,,,
1958-09-01,28.91,,,,,,
1958-10-01,28.91,,,,,,
1958-11-01,28.95,,,,,,
1958-12-01,28.97,,,,,,
1959-01-01,29.01,,,,,,
1959-02-01,29.0,,,,,,
1959-03-01,28.97,,,,,,
1959-04-01,28.98,,,,,,
1959-05-01,29.04,,,,,,
1959-06-01,29.11,,,,,,
1959-07-01,29.15,,,,,,
1959-08-01,29.18,,,,,,
1959-09-01,29.25,,,,,,
1959-10-01,29.35,,,,,,
1959-11-01,29.35,,,,,,
1959-12-01,29.41,,,,,,
1960-01-01,29.37,,,,,,
1960-02-01,29.41,,,,,,
1960-03-01,29.41,,,,,,
1960-04-01,29.54,,,,,,
1960-05-01,29.57,,,,,,
1960-06-01,29.61,,,,,,
1960-07-01,29.55,,,,,,
1960-08-01,29.61,,,,,,
1960-09-01,29.61,,,,,,
1960-10-01,29.75,,,,,,
1960-11-01,29.78,,,,,,
1960-12-01,29.81,,,,,,
1961-01-01,29.84,,,,,,
1961-02-01,29.84,,,,,,
1961-03-01,29.84,,,,,,
1961-04-01,29.81,,,,,,
1961-05-01,29.84,,,,,,
1961-06-01,29.84,,,,,,
1961-07-01,29.92,,,,,,
1961-08-01,29.94,,,,,,
1961-09-01,29.98,,,,,,
1961-10-01,29.98,,,,,,
1961-11-01,29.98,,,,,,
1961-12-01,30.01,,,,,,
1962-01-01,30.04,4.1,,,,,
1962-02-01,30.11,4.0,,,,,
1962-03-01,30.17,3.86,,,,,
1962-04-01,30.21,3.86,,,,,
1962-05-01,30.24,3.9,,,,,
1962-06-01,30.21,4.0,,,,,
1962-07-01,30.22,4.04,,,,,
1962-08-01,30.28,3.96,,,,,
1962-09-01,30.42,3.94,,,,,
1962-10-01,30.38,3.92,,,,,
1962-11-01,30.38,3.92,,,,,
1962-12-01,30.38,3.85,,,,,
1963-01-01,30.44,3.87,,,,,
1963-02-01,30.48,3.94,,,,,
1963-03-01,30.51,3.95,,,,,
1963-04-01,30.48,3.95,,,,,
1963-05-01,30.51,3.96,,,,,
1963-06-01,30.61,4.0,,,,,
1963-07-01,30.69,4.0,,,,,
1963-08-01,30.75,4.02,,,,,
1963-09-01,30.72,4.07,,,,,
1963-10-01,30.75,4.15,,,,,
1963-11-01,30.78,4.08,,,,,
1963-12-01,30.88,4.14,,,,,
1964-01-01,30.94,4.15,,,,,
1964-02-01,30.91,4.18,,,,,
1964-03-01,30.94,4.23,,,,,
1964-04-01,30.95,4.22,,,,,
1964-05-01,30.98,4.19,,,,,
1964-06-01,31.01,4.15,,,,,
1964-07-01,31.02,4.19,,,,,
1964-08-01,31.05,4.21,,,,,
1964-09-01,31.08,4.18,,,,,
1964-10-01,31.12,4.16,,,,,
1964-11-01,31.21,4.2,,,,,
1964-12-01,31.25,4.21,,,,,
1965-01-01,31.28,4.19,2.493,,,,
1965-02-01,31.28,4.22,2.548,,,,
1965-03-01,31.31,4.2,2.553,,,,
1965-04-01,31.38,4.21,2.593,,,,
1965-05-01,31.48,4.23,2.645,,,,
1965-06-01,31.61,4.2,2.621,,,,
1965-07-01,31.58,4.22,2.654,,,,
1965-08-01,31.55,4.27,2.682,,,,
1965-09-01,31.62,4.35,2.668,,,,
1965-10-01,31.65,4.41,2.652,,,,
1965-11-01,31.75,4.48,2.607,,,,
1965-12-01,31.85,4.65,2.615,,,,
1966-01-01,31.88,4.69,2.678,,,,
1966-02-01,32.08,5.02,2.754,,,,
1966-03-01,32.18,4.71,2.798,,,,
1966-04-01,32.28,4.79,2.827,,,,
1966-05-01,32.35,4.8,2.906,,,,
1966-06-01,32.38,4.97,2.91,,,,
1966-07-01,32.45,5.05,2.897,,,,
1966-08-01,32.65,5.36,2.957,,,,
1966-09-01,32.75,5.02,3.012,,,,
1966-10-01,32.85,4.97,3.09,,,,
1966-11-01,32.88,5.12,3.012,,,,
1966-12-01,32.92,4.64,3.014,,,,
1967-01-01,32.9,4.52,3.031,,,,
1967-02-01,33.0,4.72,3.074,,,,
1967-03-01,33.0,4.5,3.117,,,,
1967-04-01,33.1,4.78,3.201,,,,
1967-05-01,33.1,4.81,3.232,,,,
1967-06-01,33.3,5.22,3.196,,,,
1967-07-01,33.4,5.16,3.201,,,,
1967-08-01,33.5,5.27,3.24,,,,
1967-09-01,33.6,5.31,3.292,,,,
1967-10-01,33.7,5.64,3.344,,,,
1967-11-01,33.9,5.74,3.365,,,,
1967-12-01,34.0,5.7,3.362,,,,
1968-01-01,34.1,5.54,3.428,,,,
1968-02-01,34.2,5.56,3.481,,,,
1968-03-01,34.3,5.76,3.516,,,,
1968-04-01,34.4,5.74,3.514,,,,
1968-05-01,34.5,5.86,3.521,,,,
1968-06-01,34.7,5.64,3.535,,,,
1968-07-01,34.9,5.39,3.533,,,,
1968-08-01,35.0,5.42,3.555,,,,
1968-09-01,35.1,5.49,3.573,,,,
1968-10-01,35.3,5.61,3.67,,,,
1968-11-01,35.4,5.78,3.757,,,,
1968-12-01,35.6,6.16,3.733,,,,
1969-01-01,35.7,6.19,3.83,,,,
1969-02-01,35.8,6.26,3.853,,,,
1969-03-01,36.1,6.3,3.883,,,,
1969-04-01,36.3,6.2,3.903,,,,
1969-05-01,36.4,6.56,3.928,,,,
1969-06-01,36.6,6.73,3.942,,,,
1969-07-01,36.8,6.66,3.942,,,,
1969-08-01,36.9,6.83,3.962,,,,
1969-09-01,37.1,7.51,4.09,,,,
1969-10-01,37.3,6.94,4.2,,,,
1969-11-01,37.5,7.29,4.247,,,,
1969-12-01,37.7,7.88,4.341,,,,
1970-01-01,37.9,7.75,4.4,,,,
1970-02-01,38.1,6.9,4.488,,,,
1970-03-01,38.3,7.08,4.586,,,,
1970-04-01,38.5,7.82,4.684,,,,
1970-05-01,38.6,7.95,4.637,,,,
1970-06-01,38.8,7.68,4.539,,,,
1970-07-01,38.9,7.38,4.571,,,,
1970-08-01,39.0,7.49,4.604,,,,
1970-09-01,39.2,7.29,4.716,,,,
1970-10-01,39.4,7.33,4.809,,,,
1970-11-01,39.6,6.49,4.8,,,,
1970-12-01,39.8,6.5,4.967,,,,
1971-01-01,39.9,6.09,5.098,,,,
1971-02-01,39.9,6.14,5.199,,,,
1971-03-01,40.0,5.53,5.297,,,,
1971-04-01,40.1,6.08,5.274,,,,
1971-05-01,40.3,6.38,5.18,,,,
1971-06-01,40.5,6.7,5.172,,,,
1971-07-01,40.6,6.85,5.264,,,,
1971-08-01,40.7,6.28,5.311,,,,
1971-09-01,40.8,6.0,5.4,,,,
1971-10-01,40.9,5.87,5.357,,,,
1971-11-01,41.0,5.93,5.366,,,,
1971-12-01,41.1,5.89,5.418,,,,
1972-01-01,41.2,6.09,5.501,,,,
1972-02-01,41.4,6.04,5.677,,,,
1972-03-01,41.4,6.12,5.836,,,,
1972-04-01,41.5,6.14,5.874,,,,
1972-05-01,41.6,6.05,5.898,,,,
1972-06-01,41.7,6.15,5.93,,,,
1972-07-01,41.8,6.12,5.993,,,,
1972-08-01,41.9,6.42,6.087,,,,
1972-09-01,42.1,6.54,6.092,,,,
1972-10-01,42.2,6.41,6.022,,,,
1972-11-01,42.4,6.28,5.911,,,,
1972-12-01,42.5,6.41,5.915,,,,
1973-01-01,42.7,6.54,5.934,,,,
1973-02-01,43.0,6.64,5.952,,,,
1973-03-01,43.4,6.73,5.961,,,,
1973-04-01,43.7,6.7,5.993,,,,
1973-05-01,43.9,6.93,6.028,,,,
1973-06-01,44.2,6.94,6.013,,,,
1973-07-01,44.2,7.43,6.046,,,,
1973-08-01,45.0,7.25,6.106,,,,
1973-09-01,45.2,6.9,6.157,,,,
1973-10-01,45.6,6.71,6.166,,,,
1973-11-01,45.9,6.69,6.241,,,,
1973-12-01,46.3,6.9,6.417,,,,
1974-01-01,46.8,7.0,6.692,,,,
1974-02-01,47.3,7.01,7.045,,,,
1974-03-01,47.8,7.41,7.31,,,,
1974-04-01,48.1,7.66,7.446,,,,
1974-05-01,48.6,7.52,7.483,,,,
1974-06-01,49.0,7.64,7.427,,,,
1974-07-01,49.3,7.89,7.589,,,,
1974-08-01,49.9,8.11,7.827,,,,
1974-09-01,50.6,7.94,7.957,,,,
1974-10-01,51.0,7.79,7.883,,,,
1974-11-01,51.5,7.64,7.989,,,,
1974-12-01,51.9,7.4,8.114,,,,
1975-01-01,52.3,7.53,8.394,,,,
1975-02-01,52.6,7.46,8.546,,,,
1975-03-01,52.8,8.01,8.707,,,,
1975-04-01,53.0,8.31,8.982,,,,
1975-05-01,53.1,8.04,9.304,,,,
1975-06-01,53.5,7.96,9.427,,,,
1975-07-01,54.0,8.2,9.598,,,,
1975-08-01,54.2,8.22,9.807,,,,
1975-09-01,54.6,8.48,10.148,,,,
1975-10-01,54.9,7.91,10.29,,,,
1975-11-01,55.3,8.14,10.214,,,,
1975-12-01,55.6,7.76,10.262,,,,
1976-01-01,55.8,7.8,10.328,,,,
1976-02-01,55.9,7.77,10.441,,,,
1976-03-01,56.0,7.66,10.622,,,,
1976-04-01,56.1,7.67,10.735,,,,
1976-05-01,56.4,7.96,10.801,,,,
1976-06-01,56.7,7.86,10.905,,,,
1976-07-01,57.0,7.86,11.115,,,,
1976-08-01,57.3,7.66,11.228,,,,
1976-09-01,57.6,7.55,11.313,,,,
1976-10-01,57.9,7.42,11.19,,,,
1976-11-01,58.1,7.01,11.18,,,,
1976-12-01,58.4,6.81,11.247,,,,
1977-01-01,58.7,7.4,11.331,,,,
1977-02-01,59.3,7.45,11.598,7.8,,,
1977-03-01,59.6,7.42,11.758,7.79,,,
1977-04-01,60.0,7.45,11.768,7.8,,,
1977-05-01,60.2,7.38,11.89,7.74,,,
1977-06-01,60.5,7.2,12.005,7.58,,,
1977-07-01,60.8,7.42,12.157,7.72,,,
1977-08-01,61.1,7.28,12.318,7.6,,,
1977-09-01,61.3,7.41,12.355,7.68,,,
1977-10-01,61.6,7.62,12.318,7.83,,,
1977-11-01,62.0,7.55,12.365,7.83,,,
1977-12-01,62.3,7.78,12.479,8.03,,,
1978-01-01,62.7,7.94,12.839,8.18,,,
1978-02-01,63.0,8.04,13.104,8.25,,,
1978-03-01,63.4,8.15,13.274,8.33,,,
1978-04-01,63.9,8.24,13.255,8.39,,,
1978-05-01,64.5,8.42,13.388,8.5,,,
1978-06-01,65.0,8.62,13.757,8.62,,,
1978-07-01,65.5,8.56,13.956,8.56,,,
1978-08-01,65.9,8.39,13.985,8.46,,,
1978-09-01,66.5,8.56,14.268,8.61,,,
1978-10-01,67.1,8.96,14.392,8.87,,,
1978-11-01,67.5,8.86,14.468,8.8,,,
1978-12-01,67.9,9.15,14.524,8.96,,,
1979-01-01,68.5,8.95,14.648,8.85,,,
1979-02-01,69.2,9.17,15.16,9.08,,,
1979-03-01,69.9,9.11,15.435,9.02,,,
1979-04-01,70.6,9.35,15.813,9.22,,,
1979-05-01,71.4,9.06,16.307,9.08,,,
1979-06-01,72.2,8.81,16.458,8.83,,,
1979-07-01,73.0,9.01,16.533,8.99,,,
1979-08-01,73.7,9.24,16.59,9.09,,,
1979-09-01,74.4,9.44,16.818,9.25,,,
1979-10-01,75.2,10.72,16.931,10.19,,,
1979-11-01,76.0,10.38,17.187,10.09,,,
1979-12-01,76.9,10.33,17.604,10.11,,,
1980-01-01,78.0,11.13,18.368,11.09,,,
1980-02-01,79.0,12.72,19.163,12.25,,,
1980-03-01,80.1,12.64,19.876,12.31,,,
1980-04-01,80.9,10.76,20.022,10.89,,,
1980-05-01,81.7,10.25,20.652,10.37,,,
1980-06-01,82.5,10.09,20.904,9.99,,,
1980-07-01,82.6,10.76,21.073,10.8,,,
1980-08-01,83.2,11.55,21.428,11.27,,,
1980-09-01,83.9,11.86,21.827,11.7,,,
1980-10-01,84.7,12.46,22.435,12.23,,,
1980-11-01,85.6,12.72,22.561,12.32,,,
1980-12-01,86.4,12.43,23.273,11.98,,,
1981-01-01,87.2,12.68,23.651,12.28,,,
1981-02-01,88.0,13.43,23.84,12.97,,,
1981-03-01,88.6,13.13,24.301,12.65,,,
1981-04-01,89.1,14.11,24.51,13.65,,,
1981-05-01,89.7,13.5,25.056,13.06,,,
1981-06-01,90.5,13.86,25.747,13.3,,,
1981-07-01,91.5,14.67,25.999,13.96,,,
1981-08-01,92.2,15.41,26.272,14.78,,,
1981-09-01,93.1,15.84,26.607,15.19,,,
1981-10-01,93.4,14.63,26.544,14.36,,,
1981-11-01,93.8,13.13,26.314,12.91,,,
1981-12-01,94.1,13.98,26.461,13.65,,,
1982-01-01,94.4,14.14,26.587,13.91,,,
1982-02-01,94.7,14.03,26.712,13.83,,,
1982-03-01,94.7,14.18,26.963,13.68,,,
1982-04-01,95.0,13.87,27.006,13.39,,,
1982-05-01,95.9,13.71,27.216,13.39,,,
1982-06-01,97.0,14.44,27.383,13.91,,,
1982-07-01,97.5,13.68,27.446,13.42,,,
1982-08-01,97.7,12.81,27.53,12.5,,,
1982-09-01,97.7,11.73,27.655,11.79,,,
1982-10-01,98.1,10.71,27.592,11.01,,,
1982-11-01,98.0,10.79,27.425,10.7,,,
1982-12-01,97.7,10.36,27.739,10.43,,,
1983-01-01,97.9,10.8,27.95,10.99,,,
1983-02-01,98.0,10.27,28.138,10.51,,,
1983-03-01,98.1,10.62,28.242,10.69,,,
1983-04-01,98.8,10.27,28.16,10.38,,,
1983-05-01,99.2,10.81,28.242,10.97,,,
1983-06-01,99.4,10.96,28.221,11.01,,,
1983-07-01,99.8,11.76,28.221,11.8,,,
1983-08-01,100.1,11.98,28.242,11.96,,,
1983-09-01,100.4,11.44,28.284,11.44,,,
1983-10-01,100.8,11.74,28.263,11.78,,,
1983-11-01,101.1,11.63,28.201,11.67,,,
1983-12-01,101.4,11.82,28.284,11.87,,,
1984-01-01,102.1,11.67,28.452,11.78,,,
1984-02-01,102.6,12.04,28.704,12.14,,,
1984-03-01,102.9,12.53,28.809,12.52,,,
1984-04-01,103.3,12.82,28.893,12.86,,,
1984-05-01,103.5,13.91,28.85,13.84,,,
1984-06-01,103.7,13.84,28.704,13.64,,,
1984-07-01,104.1,12.91,28.704,12.87,,,
1984-08-01,104.4,12.79,28.85,12.51,,,
1984-09-01,104.7,12.47,29.186,12.28,,,
1984-10-01,105.1,11.79,29.04,11.64,,,
1984-11-01,105.3,11.58,28.976,11.58,,,
1984-12-01,105.5,11.55,28.976,11.54,,,
1985-01-01,105.7,11.17,29.052,11.21,,,
1985-02-01,106.3,11.91,29.259,11.9,,,
1985-03-01,106.8,11.65,29.289,11.64,,,
1985-04-01,107.0,11.41,29.319,11.48,,,
1985-05-01,107.2,10.28,29.526,10.58,,,
1985-06-01,107.5,10.25,29.555,10.47,,,
1985-07-01,107.7,10.57,29.555,10.7,,,
1985-08-01,107.9,10.28,29.614,10.48,,,
1985-09-01,108.1,10.31,29.939,10.57,,,
1985-10-01,108.5,10.01,30.028,10.28,,,
1985-11-01,109.0,9.59,29.674,9.86,,,
1985-12-01,109.5,9.0,29.85,9.27,,,
1986-01-01,109.9,9.08,30.117,9.34,,,
1986-02-01,109.7,8.13,30.293,8.27,,,
1986-03-01,109.1,7.39,30.353,7.44,,,
1986-04-01,108.7,7.38,30.323,7.47,,,
1986-05-01,109.0,8.05,30.501,7.74,,,
1986-06-01,109.4,7.35,30.442,7.24,,,
1986-07-01,109.5,7.34,30.471,7.46,,,
1986-08-01,109.6,6.95,30.442,7.21,,,
1986-09-01,110.0,7.45,30.619,7.6,,,
1986-10-01,110.2,7.34,30.323,7.61,,,
1986-11-01,110.4,7.15,30.265,7.41,,,
1986-12-01,110.8,7.23,30.265,7.49,,,
1987-01-01,111.4,7.18,30.382,7.48,,,
1987-02-01,111.8,7.19,30.442,7.48,,,
1987-03-01,112.2,7.51,30.677,7.81,,,
1987-04-01,112.7,8.21,30.855,8.45,,,
1987-05-01,113.0,8.49,31.327,8.65,,,
1987-06-01,113.5,8.38,31.299,8.51,,,
1987-07-01,113.8,8.66,31.209,8.89,,,
1987-08-01,114.3,9.0,31.653,9.17,,,
1987-09-01,114.7,9.63,31.86,9.79,,,
1987-10-01,115.0,8.88,31.89,9.03,,,
1987-11-01,115.4,8.99,31.831,9.1,,,
1987-12-01,115.6,8.83,32.096,8.95,,,
1988-01-01,116.0,8.26,32.273,8.42,,,
1988-02-01,116.2,8.16,32.805,8.39,,,
1988-03-01,116.5,8.57,33.279,8.82,,,
1988-04-01,117.2,8.87,33.221,9.11,,,
1988-05-01,117.5,9.2,33.396,9.3,,,
1988-06-01,118.0,8.82,33.604,8.87,,,
1988-07-01,118.5,9.12,33.663,9.23,,,
1988-08-01,119.0,9.25,33.84,9.31,,,
1988-09-01,119.5,8.87,33.929,8.98,,,
1988-10-01,119.9,8.65,33.84,8.74,,,
1988-11-01,120.3,9.06,34.107,9.07,,,
1988-12-01,120.7,9.14,34.402,9.0,,,
1989-01-01,121.2,9.01,34.46,8.84,,,
1989-02-01,121.6,9.32,34.579,9.14,,,
1989-03-01,122.2,9.3,34.816,9.11,,,
1989-04-01,123.1,9.02,34.963,8.91,,,
1989-05-01,123.7,8.6,35.407,8.6,,,
1989-06-01,124.1,8.1,35.466,8.05,,,
1989-07-01,124.5,7.82,35.436,7.92,,,
1989-08-01,124.5,8.26,35.703,8.21,,,
1989-09-01,124.8,8.31,36.028,8.24,,,
1989-10-01,125.4,7.92,36.116,7.92,,,
1989-11-01,125.9,7.84,36.175,7.9,,,
1989-12-01,126.3,7.93,36.146,7.98,,,
1990-01-01,127.5,8.43,36.982,8.46,,,
1990-02-01,128.0,8.51,37.213,8.54,,,
1990-03-01,128.6,8.65,37.598,8.63,,,
1990-04-01,128.9,9.04,38.022,9.0,,,
1990-05-01,129.1,8.6,38.445,8.58,,,
1990-06-01,129.9,8.43,38.636,8.41,,,
1990-07-01,130.5,8.36,38.752,8.42,,,
1990-08-01,131.6,8.86,38.907,8.99,,,
1990-09-01,132.5,8.82,39.138,8.96,,,
1990-10-01,133.4,8.65,39.253,8.78,,,
1990-11-01,133.7,8.26,39.292,8.4,,,
1990-12-01,134.2,8.08,39.521,8.26,,,
1991-01-01,134.7,8.03,40.368,8.21,,,
1991-02-01,134.8,8.02,40.907,8.19,,,
1991-03-01,134.8,8.05,41.408,8.24,,,
1991-04-01,135.1,8.02,41.6,8.2,,,
1991-05-01,135.6,8.06,41.715,8.26,,,
1991-06-01,136.0,8.24,41.984,8.42,,,
1991-07-01,136.2,8.2,42.254,8.36,,,
1991-08-01,136.6,7.82,42.6,8.06,,,
1991-09-01,137.0,7.47,42.832,7.82,,,
1991-10-01,137.2,7.47,42.909,7.91,,,
1991-11-01,137.8,7.38,43.1,7.94,,,
1991-12-01,138.2,6.71,43.177,7.41,,,
1992-01-01,138.3,7.31,43.486,7.77,,,
1992-02-01,138.6,7.27,43.755,7.8,,,
1992-03-01,139.1,7.54,44.217,7.96,,,
1992-04-01,139.4,7.61,44.486,8.06,,,
1992-05-01,139.7,7.33,44.756,7.84,,,
1992-06-01,140.1,7.14,44.834,7.79,,,
1992-07-01,140.5,6.72,45.025,7.46,,,
1992-08-01,140.8,6.62,45.102,7.42,,,
1992-09-01,141.1,6.37,45.256,7.38,,,
1992-10-01,141.7,6.8,45.217,7.63,,,
1992-11-01,142.1,6.95,44.986,7.59,,,
1992-12-01,142.3,6.7,45.102,7.4,,,
1993-01-01,142.8,6.39,45.448,7.21,,,
1993-02-01,143.1,6.03,45.756,6.9,,,
1993-03-01,143.3,6.03,46.333,6.93,,,
1993-04-01,143.8,6.05,46.603,6.95,,,
1993-05-01,144.2,6.16,46.757,6.98,,,
1993-06-01,144.3,5.8,46.988,6.68,,,
1993-07-01,144.5,5.83,46.95,6.57,,,
1993-08-01,144.8,5.45,47.104,6.09,,,
1993-09-01,145.0,5.4,47.334,6.04,,,
1993-10-01,145.6,5.43,47.526,5.96,,,
1993-11-01,146.0,5.83,47.449,6.29,,,
1993-12-01,146.3,5.83,47.718,6.35,,,
1994-01-01,146.3,5.7,48.335,6.23,,,
1994-02-01,146.7,6.15,48.873,6.67,,,
1994-03-01,147.1,6.77,49.296,7.11,,,
1994-04-01,147.2,7.06,49.373,7.31,,,
1994-05-01,147.5,7.17,49.412,7.44,,,
1994-06-01,147.9,7.34,49.758,7.63,,,
1994-07-01,148.4,7.12,50.182,7.39,,,
1994-08-01,149.0,7.19,50.567,7.46,,,
1994-09-01,149.3,7.62,50.412,7.82,,,
1994-10-01,149.4,7.81,50.259,7.97,,,
1994-11-01,149.8,7.91,50.336,7.99,,,
1994-12-01,150.1,7.84,50.375,7.89,,,
1995-01-01,150.5,7.6,50.847,7.71,,,
1995-02-01,150.9,7.22,51.055,7.46,,,
1995-03-01,151.2,7.2,51.574,7.44,,,
1995-04-01,151.8,7.07,51.886,7.34,,,
1995-05-01,152.1,6.3,51.99,6.67,,,
1995-06-01,152.4,6.21,51.835,6.63,,,
1995-07-01,152.6,6.45,51.99,6.86,,,
1995-08-01,152.9,6.28,52.302,6.65,,,
1995-09-01,153.1,6.17,52.77,6.49,,,
1995-10-01,153.5,6.03,52.511,6.34,,,
1995-11-01,153.7,5.76,52.406,6.14,,,
1995-12-01,153.9,5.58,52.77,5.96,,,
1996-01-01,154.7,5.6,53.289,6.03,,,
1996-02-01,155.0,6.13,53.499,6.48,,,
1996-03-01,155.5,6.34,53.862,6.67,,,
1996-04-01,156.1,6.66,54.226,6.89,,,
1996-05-01,156.4,6.85,54.538,7.0,,,
1996-06-01,156.7,6.73,54.538,6.9,,,
1996-07-01,157.0,6.8,54.798,6.98,,,
1996-08-01,157.2,6.96,55.057,7.13,,,
1996-09-01,157.7,6.72,55.162,6.93,,,
1996-10-01,158.2,6.37,55.162,6.66,,,
1996-11-01,158.7,6.06,55.162,6.36,,,
1996-12-01,159.1,6.43,55.369,6.65,,,
1997-01-01,159.4,6.53,55.786,6.8,,,
1997-02-01,159.7,6.56,56.097,6.8,,,
1997-03-01,159.8,6.92,56.305,7.1,,,
1997-04-01,159.9,6.72,56.565,6.95,,,
1997-05-01,159.9,6.67,56.617,6.92,,,
1997-06-01,160.2,6.51,56.721,6.8,,,
1997-07-01,160.4,6.02,56.825,6.3,,,
1997-08-01,160.8,6.34,57.24,6.61,,,
1997-09-01,161.2,6.12,57.502,6.41,,,
1997-10-01,161.5,5.84,57.502,6.15,,,
1997-11-01,161.7,5.86,57.553,6.04,,,
1997-12-01,161.8,5.75,59.009,5.93,,,
1998-01-01,162.0,5.53,60.413,5.82,,,
1998-02-01,162.0,5.62,61.453,5.92,,,
1998-03-01,162.0,5.67,61.349,5.94,,,
1998-04-01,162.2,5.68,61.557,5.95,,,
1998-05-01,162.6,5.56,61.245,5.81,,,
1998-06-01,162.8,5.44,60.985,5.62,,,
1998-07-01,163.2,5.5,60.985,5.72,,,
1998-08-01,163.4,5.05,61.192,5.3,,,
1998-09-01,163.5,4.44,61.453,4.98,,,
1998-10-01,163.9,4.64,61.66,5.15,,,
1998-11-01,164.1,4.74,61.453,5.08,,,
1998-12-01,164.4,4.65,61.349,5.09,,,
1999-01-01,164.7,4.66,61.297,5.09,,,
1999-02-01,164.7,5.29,61.557,5.57,,,
1999-03-01,164.8,5.25,61.66,5.63,,,
1999-04-01,165.9,5.36,61.816,5.68,,,
1999-05-01,166.0,5.64,61.712,5.84,,,
1999-06-01,166.0,5.81,61.349,5.98,,,
1999-07-01,166.7,5.92,61.14,6.11,,,
1999-08-01,167.1,5.98,61.765,6.07,,,
1999-09-01,167.8,5.9,61.921,6.06,,,
1999-10-01,168.1,6.02,62.389,6.16,,,
1999-11-01,168.4,6.18,62.284,6.29,,,
1999-12-01,168.8,6.45,62.18,6.48,,,
2000-01-01,169.3,6.68,62.456,6.49,9.0,,
2000-02-01,170.0,6.42,62.647,6.15,8.91,,
2000-03-01,171.0,6.03,62.962,5.84,9.0,,
2000-04-01,170.9,6.23,62.709,5.97,8.92,,
2000-05-01,171.2,6.29,62.393,6.02,8.87,,
2000-06-01,172.2,6.03,62.709,5.9,8.31,,
2000-07-01,172.7,6.04,62.962,5.79,8.07,,
2000-08-01,172.7,5.73,63.277,5.67,7.79,,
2000-09-01,173.6,5.8,64.098,5.88,8.07,,
2000-10-01,173.9,5.77,64.035,5.79,7.64,,
2000-11-01,174.2,5.48,63.656,5.6,7.16,,
2000-12-01,174.6,5.12,63.908,5.46,6.7,7.21,
2001-01-01,175.6,5.19,64.604,5.54,5.68,6.54,
2001-02-01,176.0,4.92,64.919,5.34,5.43,6.49,
2001-03-01,176.1,4.93,65.488,5.46,6.31,7.51,
2001-04-01,176.4,5.35,65.74,5.78,6.8,7.85,
2001-05-01,177.3,5.43,65.677,5.78,6.17,7.29,
2001-06-01,177.7,5.42,65.866,5.75,5.93,6.78,
2001-07-01,177.4,5.07,65.992,5.51,5.58,6.78,
2001-08-01,177.4,4.85,66.245,5.39,5.15,6.24,
2001-09-01,178.1,4.6,66.182,5.42,4.45,6.03,
2001-10-01,177.6,4.3,66.182,4.89,4.98,6.85,
2001-11-01,177.5,4.78,65.804,5.27,5.68,6.88,
2001-12-01,177.4,5.07,65.93,5.48,5.91,7.02,
2002-01-01,177.7,5.07,66.308,5.44,6.03,7.11,
2002-02-01,178.0,4.88,66.624,5.54,5.71,6.81,
2002-03-01,178.5,5.42,67.003,5.91,6.39,7.25,
2002-04-01,179.3,5.11,67.382,5.72,6.33,7.22,
2002-05-01,179.5,5.08,67.634,5.75,6.14,6.92,
2002-06-01,179.6,4.86,67.571,5.7,5.66,6.51,
2002-07-01,180.0,4.51,67.382,5.51,5.54,6.45,
2002-08-01,180.5,4.14,67.824,5.11,5.45,6.26,
2002-09-01,180.8,3.63,68.204,4.88,5.3,6.1,
2002-10-01,181.2,3.93,68.013,5.28,5.33,5.98,
2002-11-01,181.5,4.22,68.077,5.23,5.35,5.8,
2002-12-01,181.8,3.83,68.391,5.03,5.11,5.61,
2003-01-01,182.6,4.0,68.835,5.03,4.77,5.19,
2003-02-01,183.6,3.71,69.213,4.9,4.6,5.07,
2003-03-01,183.9,3.83,70.034,5.07,4.62,5.04,
2003-04-01,183.2,3.89,69.908,5.0,4.46,4.9,
2003-05-01,182.9,3.37,69.782,4.59,4.1,4.47,
2003-06-01,183.1,3.54,69.592,4.81,4.16,4.61,
2003-07-01,183.7,4.49,69.53,5.56,4.58,5.24,
2003-08-01,184.5,4.45,69.845,5.3,4.46,5.05,
2003-09-01,185.1,3.96,70.477,5.07,4.11,4.66,
2003-10-01,184.9,4.33,70.539,5.28,4.48,5.09,
2003-11-01,185.0,4.34,70.413,5.23,4.88,5.43,
2003-12-01,185.5,4.27,70.73,5.23,4.82,5.38,
2004-01-01,186.3,4.16,71.172,5.11,4.94,5.5,
2004-02-01,186.7,3.99,71.487,5.01,4.78,5.43,
2004-03-01,187.1,3.86,72.181,4.93,4.5,5.21,
2004-04-01,187.4,4.53,72.181,5.39,4.43,5.18,
2004-05-01,188.2,4.66,72.119,5.42,4.24,4.95,
2004-06-01,188.9,4.62,72.119,5.41,4.24,4.97,
2004-07-01,189.1,4.5,72.561,5.31,4.08,4.69,
2004-08-01,189.2,4.13,73.191,5.01,3.56,4.11,
2004-09-01,189.8,4.14,73.191,4.97,3.53,4.02,
2004-10-01,190.8,4.05,73.191,4.87,3.45,3.95,
2004-11-01,191.7,4.36,72.75,5.07,3.31,3.93,
2004-12-01,191.7,4.24,72.877,4.86,3.28,3.81,
2005-01-01,191.6,4.14,73.594,4.62,4.06,4.85,
2005-02-01,192.4,4.36,73.892,4.71,4.04,4.74,
2005-03-01,193.1,4.5,74.338,4.76,3.91,4.74,
2005-04-01,193.7,4.21,74.413,4.53,3.76,4.59,
2005-05-01,193.6,4.0,74.338,4.36,3.67,4.31,
2005-06-01,193.7,3.94,74.114,4.19,4.02,4.78,
2005-07-01,194.9,4.28,74.413,4.42,4.23,5.02,
2005-08-01,196.1,4.02,74.636,4.23,4.16,4.83,
2005-09-01,198.8,4.34,75.008,4.53,4.6,5.11,
2005-10-01,199.1,4.57,74.859,4.73,4.95,5.49,
2005-11-01,198.1,4.49,74.561,4.66,5.1,5.69,
2005-12-01,198.1,4.39,74.785,4.51,5.08,5.62,
2006-01-01,199.3,4.53,75.231,4.69,4.92,5.44,
2006-02-01,199.4,4.55,75.381,4.51,4.9,5.25,
2006-03-01,199.7,4.86,75.827,4.9,4.93,5.44,
2006-04-01,200.7,5.07,75.902,5.17,4.81,5.25,
2006-05-01,201.3,5.12,76.05,5.21,4.72,5.15,
2006-06-01,201.8,5.15,75.902,5.19,4.92,5.2,
2006-07-01,202.9,4.99,76.199,5.07,4.83,5.05,
2006-08-01,203.8,4.74,76.645,4.88,4.76,4.96,
2006-09-01,202.8,4.64,76.868,4.77,4.57,4.73,
2006-10-01,201.9,4.61,76.496,4.72,4.71,4.91,
2006-11-01,202.0,4.46,76.125,4.56,4.82,4.98,
2006-12-01,203.1,4.71,76.348,4.81,4.92,5.06,
2007-01-01,203.437,4.83,76.496,4.93,5.02,5.06,
2007-02-01,204.226,4.56,77.017,4.68,4.86,4.96,
2007-03-01,205.288,4.65,77.464,4.84,4.76,4.93,
2007-04-01,205.904,4.63,77.761,4.81,5.05,5.15,
2007-05-01,206.755,4.9,77.836,5.01,5.17,5.32,
2007-06-01,207.234,5.03,77.836,5.12,5.26,5.51,
2007-07-01,207.603,4.78,78.134,4.92,5.22,5.37,
2007-08-01,207.667,4.54,78.208,4.83,5.43,5.57,
2007-09-01,208.547,4.59,78.655,4.83,5.46,5.6,
2007-10-01,209.19,4.48,78.803,4.74,5.43,5.56,
2007-11-01,210.834,3.97,78.803,4.4,5.77,5.69,
2007-12-01,211.445,4.04,79.101,4.45,5.74,5.7,
2008-01-01,212.174,3.67,79.472,4.35,5.04,5.24,
2008-02-01,212.687,3.53,79.771,4.41,4.97,5.23,
2008-03-01,213.448,3.45,80.515,4.3,5.1,5.29,
2008-04-01,213.942,3.77,80.962,4.49,4.88,5.14,
2008-05-01,215.208,4.06,81.63,4.72,5.46,5.7,
2008-06-01,217.463,3.99,82.151,4.53,5.9,6.05,
2008-07-01,219.016,3.99,82.747,4.59,5.8,5.92,
2008-08-01,218.69,3.83,82.598,4.43,5.77,5.96,
2008-09-01,218.877,3.85,82.673,4.31,5.74,5.86,
2008-10-01,216.995,4.01,82.598,4.35,4.47,5.49,
2008-11-01,213.153,2.93,82.375,3.45,4.87,5.75,
2008-12-01,211.398,2.25,82.375,2.69,3.41,4.22,
2009-01-01,211.933,2.87,82.45,3.58,3.59,4.71,
2009-02-01,212.705,3.02,83.045,3.71,3.82,5.06,
2009-03-01,212.495,2.71,83.64,3.56,3.94,5.17,
2009-04-01,212.709,3.16,83.862,4.05,3.59,4.69,
2009-05-01,213.022,3.47,83.862,4.34,3.83,5.17,
2009-06-01,214.79,3.53,83.788,4.32,4.16,5.19,
2009-07-01,214.726,3.52,84.086,4.31,4.26,5.33,
2009-08-01,215.445,3.4,84.384,4.18,4.38,5.46,
2009-09-01,215.861,3.31,84.459,4.03,4.39,5.34,
2009-10-01,216.509,3.41,84.235,4.23,4.44,5.43,
2009-11-01,217.234,3.21,84.384,4.2,4.1,5.25,
2009-12-01,217.347,3.85,84.682,4.63,4.41,5.39,
2010-01-01,217.488,3.63,85.351,4.51,4.27,5.34,
2010-02-01,217.281,3.61,85.523,4.55,4.1,5.14,
2010-03-01,217.353,3.84,85.696,4.72,3.89,4.95,
2010-04-01,217.403,3.69,86.041,4.53,3.61,4.82,
2010-05-01,217.29,3.31,86.128,4.22,3.58,4.93,
2010-06-01,217.199,2.97,86.041,3.91,3.86,4.95,
2010-07-01,217.605,2.94,86.214,3.98,3.8,4.84,
2010-08-01,217.923,2.47,86.647,3.52,3.55,4.38,
2010-09-01,218.275,2.53,87.337,3.69,3.32,4.11,
2010-10-01,219.035,2.63,87.337,3.99,3.25,4.36,
2010-11-01,219.59,2.81,86.906,4.12,3.19,4.38,
2010-12-01,220.472,3.3,87.251,4.34,3.38,4.52,
2011-01-01,221.187,3.42,88.288,4.58,3.96,4.72,
2011-02-01,221.898,3.42,88.892,4.49,3.84,4.67,
2011-03-01,223.046,3.47,89.238,4.51,3.73,4.48,
2011-04-01,224.093,3.32,89.325,4.4,3.77,4.48,
2011-05-01,224.806,3.05,89.497,4.22,3.59,4.23,
2011-06-01,224.806,3.18,89.67,4.38,3.76,4.29,
2011-07-01,225.395,2.82,90.102,4.12,3.85,4.2,
2011-08-01,226.106,2.23,90.707,3.6,3.49,3.86,
2011-09-01,226.597,1.92,90.62,2.9,3.55,3.95,
2011-10-01,226.75,2.17,90.448,3.16,3.51,3.87,
2011-11-01,227.169,2.08,90.534,3.06,3.38,3.77,
2011-12-01,227.223,1.89,90.879,2.89,3.34,3.79,
2012-01-01,227.842,1.83,91.242,2.94,3.38,3.77,
2012-02-01,228.329,1.98,91.588,3.08,3.45,3.82,
2012-03-01,228.807,2.23,91.614,3.35,3.55,3.96,
2012-04-01,229.187,1.95,91.605,3.12,3.45,3.81,
2012-05-01,228.713,1.59,91.769,2.67,3.32,3.69,
2012-06-01,228.524,1.67,91.639,2.76,3.3,3.62,
2012-07-01,228.59,1.51,91.432,2.56,2.85,3.14,
2012-08-01,229.918,1.57,91.855,2.68,2.76,3.02,
2012-09-01,231.015,1.65,92.512,2.82,2.79,3.02,3.01
2012-10-01,231.638,1.72,92.339,2.85,2.77,2.96,3.05
2012-11-01,231.249,1.62,92.011,2.81,2.84,3.03,3.19
2012-12-01,231.221,1.78,92.175,2.95,2.82,3.16,3.36
2013-01-01,231.679,2.02,92.728,3.17,2.76,3.1,3.33
2013-02-01,232.937,1.89,93.038,3.1,2.63,2.94,3.22
2013-03-01,232.282,1.87,92.952,3.1,2.52,2.8,3.12
2013-04-01,231.797,1.7,92.823,2.88,2.49,2.77,3.08
2013-05-01,231.893,2.16,92.823,3.3,2.78,3.12,3.36
2013-06-01,232.445,2.52,92.71,3.52,2.88,3.4,3.68
2013-07-01,232.9,2.6,92.909,3.64,2.92,3.49,3.78
2013-08-01,233.456,2.78,93.238,3.7,2.88,3.53,3.85
2013-09-01,233.544,2.64,93.419,3.69,2.82,3.42,3.72
2013-10-01,233.669,2.57,93.134,3.63,2.819,3.398,3.757
2013-11-01,234.1,2.75,93.116,3.82,3.01,3.672,4.007
2013-12-01,234.719,3.04,93.229,3.96,2.858,3.583,3.868
2014-01-01,235.288,2.67,93.73,3.61,2.88,3.612,3.939
2014-02-01,235.547,2.66,93.98,3.59,2.85,3.498,3.816
2014-03-01,236.028,2.73,94.153,3.56,2.87,3.518,3.809
2014-04-01,236.468,2.67,94.214,3.47,2.873,3.527,3.812
2014-05-01,236.918,2.48,94.369,3.33,2.816,3.338,3.567
2014-06-01,237.231,2.53,94.248,3.34,2.681,3.17,3.402
2014-07-01,237.498,2.58,94.386,3.32,2.515,3.052,3.315
2014-08-01,237.46,2.35,94.551,3.09,2.511,3.034,3.282
2014-09-01,237.477,2.52,94.49,3.21,2.297,2.854,3.099
2014-10-01,237.43,2.35,94.205,3.07,2.138,2.645,2.914
2014-11-01,236.983,2.18,94.015,2.89,2.074,2.589,2.888
2014-12-01,236.252,2.17,94.006,2.75,2.098,2.598,2.894
2015-01-01,234.747,1.68,94.643,2.25,1.97,2.24,2.494
2015-02-01,235.342,2.0,94.587,2.6,2.034,2.353,2.625
2015-03-01,235.976,1.94,94.596,2.54,1.721,2.16,2.439
2015-04-01,236.222,2.05,94.625,2.75,1.843,2.414,2.717
2015-05-01,237.001,2.12,94.89,2.88,1.745,2.308,2.599
2015-06-01,237.657,2.35,94.909,3.11,1.793,2.451,2.749
2015-07-01,238.034,2.2,95.08,2.92,1.768,2.428,2.703
2015-08-01,238.033,2.21,95.213,2.95,1.735,2.295,2.549
2015-09-01,237.498,2.06,94.966,2.87,1.568,2.061,2.295
2015-10-01,237.733,2.16,94.966,2.93,1.657,2.111,2.27
2015-11-01,238.017,2.21,94.786,2.98,1.785,2.247,2.408
2015-12-01,237.761,2.27,95.07,3.01,1.662,2.076,2.207
2016-01-01,237.652,1.94,95.232,2.75,1.564,1.979,2.105
2016-02-01,237.336,1.74,95.64,2.61,1.454,1.786,1.884
2016-03-01,238.08,1.78,95.393,2.61,1.444,1.793,1.921
2016-04-01,238.992,1.83,95.573,2.66,1.453,1.794,1.907
2016-05-01,239.557,1.84,95.63,2.64,1.496,1.811,1.924
2016-06-01,240.222,1.49,95.611,2.3,1.247,1.469,1.577
2016-07-01,240.101,1.46,95.431,2.18,1.216,1.386,1.485
2016-08-01,240.545,1.58,95.677,2.23,1.308,1.478,1.533
2016-09-01,241.176,1.6,96.247,2.32,1.247,1.398,1.441
2016-10-01,241.741,1.84,96.379,2.58,1.438,1.688,1.769
2016-11-01,242.026,2.37,96.237,3.02,1.71,2.144,2.148
2016-12-01,242.637,2.45,96.342,3.06,1.638,2.074,2.159
2017-01-01,243.618,2.45,97.366,3.05,1.675,2.155,2.215
2017-02-01,244.006,2.36,97.632,2.97,1.67,2.162,2.229
2017-03-01,243.892,2.4,97.565,3.02,1.662,2.177,2.365
2017-04-01,244.193,2.29,97.442,2.96,1.675,2.196,2.366
2017-05-01,244.004,2.21,97.546,2.87,1.661,2.23,2.381
2017-06-01,244.163,2.31,97.338,2.84,1.698,2.214,2.315
2017-07-01,244.243,2.3,97.499,2.89,1.724,2.226,2.286
2017-08-01,245.183,2.12,98.058,2.73,1.747,2.262,2.336
2017-09-01,246.435,2.33,98.172,2.86,1.888,2.379,2.371
2017-10-01,246.626,2.38,98.077,2.88,2.164,2.571,2.524
2017-11-01,247.284,2.42,97.347,2.83,2.075,2.477,2.408
2017-12-01,247.805,2.4,97.698,2.74,2.135,2.469,2.434
2018-01-01,248.859,2.72,98.106,2.95,2.274,2.769,2.683
2018-02-01,249.529,2.87,98.855,3.13,2.266,2.736,2.717
2018-03-01,249.577,2.74,98.751,2.97,2.216,2.624,2.615
2018-04-01,250.227,2.95,98.931,3.11,2.216,2.713,2.703
2018-05-01,250.792,2.83,98.979,3.0,2.195,2.695,2.679
2018-06-01,251.018,2.85,98.779,2.98,2.122,2.556,2.552
2018-07-01,251.214,2.96,98.59,3.08,2.123,2.567,2.532
2018-08-01,251.663,2.86,99.462,3.02,1.916,2.311,2.26
2018-09-01,252.182,3.05,100.221,3.19,2.005,2.357,2.3
2018-10-01,252.772,3.15,100.041,3.39,1.939,2.243,2.141
2018-11-01,252.594,3.01,99.33,3.3,1.897,2.106,1.974
2018-12-01,252.767,2.69,98.988,3.02,1.817,1.948,1.927
2019-01-01,252.561,2.63,98.884,2.99,1.809,2.001,2.048
2019-02-01,253.319,2.73,99.311,3.09,1.813,1.987,2.053
2019-03-01,254.277,2.41,99.121,2.81,1.69,1.833,1.865
2019-04-01,255.233,2.51,99.481,2.93,1.699,1.845,1.869
2019-05-01,255.296,2.14,99.652,2.58,1.587,1.682,1.719
2019-06-01,255.213,2.0,99.491,2.52,1.472,1.596,1.631
2019-07-01,255.802,2.02,99.187,2.53,1.292,1.39,1.368
2019-08-01,256.036,1.5,99.425,1.96,1.168,1.276,1.268
2019-09-01,256.43,1.68,99.794,2.12,1.297,1.456,1.42
2019-10-01,257.155,1.69,100.041,2.17,1.466,1.728,1.69
2019-11-01,257.879,1.78,99.481,2.21,1.385,1.63,1.554
2019-12-01,258.63,1.92,99.719,2.39,1.36,1.683,1.682
2020-01-01,259.127,1.51,100.09,1.99,1.303,1.558,1.581
2020-02-01,259.25,1.13,100.16,1.65,1.104,1.333,1.397
2020-03-01,258.076,0.7,99.94,1.35,1.07,1.551,1.669
2020-04-01,256.032,0.64,99.5,1.28,1.006,1.518,1.656
2020-05-01,255.802,0.65,99.44,1.41,0.826,1.374,1.528
2020-06-01,257.042,0.66,99.71,1.41,0.842,1.373,1.601
2020-07-01,258.352,0.55,99.63,1.2,0.796,1.296,1.501
2020-08-01,259.316,0.72,100.19,1.49,0.94,1.516,1.663
2020-09-01,259.997,0.69,100.74,1.46,0.846,1.43,1.577
2020-10-01,260.319,0.88,100.18,1.65,0.935,1.546,1.651
2020-11-01,260.911,0.84,100.09,1.58,0.983,1.659,1.731
2020-12-01,262.045,0.93,100.33,1.65,0.976,1.713,1.823
2021-01-01,262.687,1.11,101.04,1.87,0.971,1.768,1.907
2021-02-01,263.579,1.44,101.58,2.17,1.02,1.96,2.055
2021-03-01,264.961,1.74,101.84,2.41,1.133,2.057,2.15
2021-04-01,266.614,1.65,101.98,2.3,1.141,2.128,2.255
2021-05-01,268.383,1.58,102.05,2.26,1.227,2.179,2.292
2021-06-01,270.654,1.45,102.05,2.06,1.448,2.092,2.196
2021-07-01,271.903,1.24,102.26,1.89,1.417,1.874,1.958
2021-08-01,272.676,1.3,102.75,1.92,1.395,1.912,1.965
2021-09-01,273.91,1.52,103.17,2.08,1.593,2.237,2.221
2021-10-01,276.55,1.55,103.35,1.93,2.103,2.575,2.493
2021-11-01,278.919,1.43,103.87,1.78,1.799,2.213,2.226
2021-12-01,280.845,1.52,104.04,1.9,1.798,2.25,2.31
2022-01-01,282.543,1.79,104.85,2.11,2.189,2.586,2.524
2022-02-01,284.5,1.83,105.42,2.17,2.242,2.675,2.632
2022-03-01,287.674,2.32,106.1,2.44,2.663,2.969,2.817
2022-04-01,288.561,2.89,106.83,2.96,2.958,3.242,3.163
2022-05-01,291.298,2.85,107.5,3.07,3.027,3.326,3.133
2022-06-01,294.957,2.98,108.21,3.14,3.55,3.636,3.477
2022-07-01,294.913,2.67,108.73,3.0,3.009,3.127,3.048
2022-08-01,295.097,3.15,108.63,3.27,3.685,3.721,3.57
2022-09-01,296.349,3.83,108.82,3.79,4.186,4.096,3.837
2022-10-01,298.007,4.1,109.16,4.22,4.185,4.242,4.073
2022-11-01,298.786,3.68,109.07,3.8,3.689,3.667,3.689
2022-12-01,298.832,3.88,109.26,3.97,3.722,3.73,3.683
2023-01-01,300.42,3.52,110.07,3.65,3.325,3.297,3.307
2023-02-01,301.45,3.92,110.33,3.93,3.797,3.753,3.588
2023-03-01,301.821,3.48,110.52,3.67,3.27,3.34,3.34
2023-04-01,302.845,3.44,110.77,3.67,3.293,3.36,3.364
2023-05-01,303.334,3.64,111.13,3.85,3.459,3.532,3.598
2023-06-01,304.014,3.81,111.16,3.85,3.662,3.675,3.686
2023-07-01,304.609,3.97,111.29,4.02,3.681,3.761,3.678
2023-08-01,306.082,4.09,112.28,4.2,3.711,3.821,3.731
2023-09-01,307.276,4.59,112.85,4.73,3.884,4.03,3.896
2023-10-01,307.696,4.88,113.27,5.04,4.085,4.325,4.069
2023-11-01,308.148,4.37,112.68,4.54,3.583,3.699,3.562
2023-12-01,308.741,3.88,112.73,4.03,3.154,3.183,3.088
2024-01-01,309.698,3.99,113.17,4.22,3.261,3.345,3.283
2024-02-01,310.967,4.25,113.78,4.38,3.385,3.475,3.379
2024-03-01,312.345,4.2,113.95,4.34,3.322,3.413,3.313
2024-04-01,313.023,4.69,114.01,4.79,3.529,3.656,3.49
2024-05-01,313.175,4.51,114.1,4.65,3.452,3.578,3.429
2024-06-01,313.044,4.36,113.84,4.51,3.182,3.266,3.197
2024-07-01,313.569,4.09,114.13,4.35,3.004,3.064,2.948
2024-08-01,314.062,3.91,114.54,4.2,2.953,3.088,2.978
2024-09-01,314.732,3.81,114.65,4.14,2.811,2.992,2.872
2024-10-01,315.631,4.28,114.69,4.47,2.936,3.1,2.93
2024-11-01,316.528,4.18,114.4,4.36,2.607,2.751,2.63
2024-12-01,317.604,4.58,114.91,4.78,2.596,2.855,2.793
2025-01-01,318.961,4.58,115.71,4.83,2.573,2.859,2.743
2025-02-01,319.679,4.24,116.08,4.51,2.566,2.706,2.544
2025-03-01,319.785,4.23,116.29,4.59,2.569,2.771,2.574
2025-04-01,320.302,4.17,116.38,4.66,2.267,2.563,2.469
2025-05-01,320.62,4.41,116.27,4.92,2.347,2.786,2.629
2025-06-01,321.435,4.24,116.31,4.78,2.452,2.805,2.747
2025-07-01,322.169,4.37,116.52,4.89,2.46,2.785,2.707
2025-08-01,323.291,4.23,116.45,4.92,2.426,2.815,2.753
2025-09-01,324.245,4.16,117.06,4.73,2.582,2.951,2.841
2025-10-01,,4.11,117.42,4.67,2.716,3.061,2.985
2025-11-01,325.063,4.02,117.2,4.67,2.991,3.344,3.22
2025-12-01,326.031,4.18,117.57,4.84,2.953,3.385,3.258
2026-01-01,326.588,4.26,118.03,4.87,3.138,3.607,3.515
2026-02-01,327.46,3.97,118.4,4.64,3.041,3.446,3.421
2026-03-01,330.293,4.3,118.8,4.88,3.552,3.879,3.775
2026-04-01,332.407,4.4,119.37,4.98,3.595,3.923,3.79
2026-05-01,333.979,4.45,119.92,4.99,3.731,4.068,4.006
2026-06-01,332.568,4.44,119.99,4.91,3.703,4.091,4.351
2026-07-01,332.813,4.75,119.77,5.27,3.758,4.261,4.507
2026-08-01,,4.63,,5.21,3.796,4.313,4.669
