date,price,real_price,cpi
1871-01-01,4.44,118.648924,12.464061
1871-02-01,4.5,116.689274,12.844641
1871-03-01,4.61,117.796187,13.034972
1871-04-01,4.74,125.705957,12.559226
1871-05-01,4.86,131.885553,12.273812
1871-06-01,4.82,132.860347,12.083481
1871-07-01,4.73,130.379552,12.083481
1871-08-01,4.79,134.145482,11.893231
1871-09-01,4.84,132.369141,12.178646
1871-10-01,4.59,123.60105,12.368896
1871-11-01,4.64,124.947466,12.368896
1871-12-01,4.74,124.760605,12.654392
1872-01-01,4.86,127.919102,12.654392
1872-02-01,4.88,128.445518,12.654392
1872-03-01,5.04,130.691987,12.844641
1872-04-01,5.18,131.401675,13.130137
1872-05-01,5.18,131.401675,13.130137
1872-06-01,5.13,131.083392,13.034972
1872-07-01,5.1,132.247844,12.844641
1872-08-01,5.04,129.730818,12.939807
1872-09-01,4.95,126.483975,13.034972
1872-10-01,4.97,129.83879,12.749476
1872-11-01,4.95,125.567238,13.130137
1872-12-01,5.07,130.503026,12.939807
1873-01-01,5.11,131.532635,12.939807
1873-02-01,5.15,129.701405,13.225221
1873-03-01,5.11,128.694016,13.225221
1873-04-01,5.04,126.931084,13.225221
1873-05-01,5.05,129.988221,12.939807
1873-06-01,4.98,132.070815,12.559226
1873-07-01,4.97,131.805613,12.559226
1873-08-01,4.97,131.805613,12.559226
1873-09-01,4.59,121.72792,12.559226
1873-10-01,4.19,113.7038,12.273812
1873-11-01,4.04,113.141492,11.893231
1873-12-01,4.42,120.882563,12.178646
1874-01-01,4.66,125.486033,12.368896
1874-02-01,4.8,129.256,12.368896
1874-03-01,4.73,127.371016,12.368896
1874-04-01,4.6,125.805382,12.178646
1874-05-01,4.48,123.488455,12.083481
1874-06-01,4.46,125.911222,11.798066
1874-07-01,4.46,124.903727,11.893231
1874-08-01,4.47,126.193534,11.798066
1874-09-01,4.54,128.169719,11.798066
1874-10-01,4.53,129.984361,11.607736
1874-11-01,4.57,132.215161,11.512651
1874-12-01,4.54,131.347228,11.512651
1875-01-01,4.54,131.347228,11.512651
1875-02-01,4.53,131.057917,11.512651
1875-03-01,4.59,132.793783,11.512651
1875-04-01,4.65,133.427655,11.607736
1875-05-01,4.47,131.495981,11.322321
1875-06-01,4.38,131.050459,11.132071
1875-07-01,4.39,131.349661,11.132071
1875-08-01,4.41,130.830579,11.227155
1875-09-01,4.37,130.751257,11.132071
1875-10-01,4.3,128.656843,11.132071
1875-11-01,4.37,131.878655,11.036906
1875-12-01,4.37,133.025663,10.94174
1876-01-01,4.46,136.956495,10.846575
1876-02-01,4.52,138.798959,10.846575
1876-03-01,4.51,138.491882,10.846575
1876-04-01,4.34,134.450197,10.751491
1876-05-01,4.18,134.245517,10.370911
1876-06-01,4.15,137.054953,10.085415
1876-07-01,4.1,135.403689,10.085415
1876-08-01,3.93,128.576153,10.18058
1876-09-01,3.69,119.606129,10.275745
1876-10-01,3.67,116.795456,10.465995
1876-11-01,3.6,113.535394,10.56116
1876-12-01,3.58,110.905923,10.751491
1877-01-01,3.55,108.064326,10.94174
1877-02-01,3.34,104.394926,10.656326
1877-03-01,3.17,103.711554,10.18058
1877-04-01,2.94,93.563662,10.465995
1877-05-01,2.94,91.89254,10.656326
1877-06-01,2.73,90.159041,10.085415
1877-07-01,2.85,93.242249,10.18058
1877-08-01,3.05,103.660708,9.8
1877-09-01,3.24,111.198076,9.704835
1877-10-01,3.31,113.600504,9.704835
1877-11-01,3.26,114.121679,9.514585
1877-12-01,3.25,113.771612,9.514585
1878-01-01,3.25,117.291063,9.229089
1878-02-01,3.18,115.959487,9.134005
1878-03-01,3.24,120.661699,8.943674
1878-04-01,3.33,125.347172,8.848509
1878-05-01,3.34,129.914059,8.563094
1878-06-01,3.41,135.650611,8.372845
1878-07-01,3.48,136.880772,8.467929
1878-08-01,3.45,134.192665,8.563094
1878-09-01,3.52,136.915415,8.563094
1878-10-01,3.48,136.880772,8.467929
1878-11-01,3.47,138.037425,8.372845
1878-12-01,3.45,140.434154,8.182514
1879-01-01,3.58,144.050521,8.277679
1879-02-01,3.71,147.584682,8.372845
1879-03-01,3.65,146.867152,8.277679
1879-04-01,3.77,153.459931,8.182514
1879-05-01,3.94,160.379874,8.182514
1879-06-01,3.96,163.090131,8.087381
1879-07-01,4.04,164.45043,8.182514
1879-08-01,4.07,165.671596,8.182514
1879-09-01,4.22,165.987603,8.467929
1879-10-01,4.68,174.289121,8.943674
1879-11-01,4.93,174.326404,9.41942
1879-12-01,4.92,168.856338,9.704835
1880-01-01,5.11,170.36542,9.990331
1880-02-01,5.2,173.365985,9.990331
1880-03-01,5.3,175.034036,10.085415
1880-04-01,5.18,177.77964,9.704835
1880-05-01,4.77,168.668752,9.41942
1880-06-01,4.79,172.868982,9.229089
1880-07-01,5.01,180.808684,9.229089
1880-08-01,5.19,187.304805,9.229089
1880-09-01,5.18,185.035921,9.324255
1880-10-01,5.33,190.394104,9.324255
1880-11-01,5.61,198.371425,9.41942
1880-12-01,5.84,204.438835,9.514585
1881-01-01,6.19,218.880414,9.41942
1881-02-01,6.17,215.99103,9.514585
1881-03-01,6.24,218.441495,9.514585
1881-04-01,6.22,215.586888,9.609669
1881-05-01,6.5,227.543224,9.514585
1881-06-01,6.58,230.343756,9.514585
1881-07-01,6.35,220.092723,9.609669
1881-08-01,6.2,210.720128,9.8
1881-09-01,6.25,204.478615,10.18058
1881-10-01,6.15,199.343549,10.275745
1881-11-01,6.19,202.515621,10.18058
1881-12-01,6.01,196.626637,10.18058
1882-01-01,5.92,193.682145,10.18058
1882-02-01,5.79,187.674658,10.275745
1882-03-01,5.78,187.350522,10.275745
1882-04-01,5.78,185.631361,10.370911
1882-05-01,5.71,181.717181,10.465995
1882-06-01,5.68,179.133622,10.56116
1882-07-01,6.0,190.946249,10.465995
1882-08-01,6.18,194.902427,10.56116
1882-09-01,6.24,202.260771,10.275745
1882-10-01,6.07,198.589631,10.18058
1882-11-01,5.81,191.876934,10.085415
1882-12-01,5.84,194.703337,9.990331
1883-01-01,5.81,193.703148,9.990331
1883-02-01,5.68,187.583647,10.085415
1883-03-01,5.75,191.702772,9.990331
1883-04-01,5.87,197.585675,9.895165
1883-05-01,5.77,196.105667,9.8
1883-06-01,5.82,203.738702,9.514585
1883-07-01,5.73,204.682592,9.324255
1883-08-01,5.47,195.395075,9.324255
1883-09-01,5.53,199.575255,9.229089
1883-10-01,5.38,194.161821,9.229089
1883-11-01,5.46,199.10025,9.134005
1883-12-01,5.34,192.718239,9.229089
1884-01-01,5.18,186.943909,9.229089
1884-02-01,5.32,191.996447,9.229089
1884-03-01,5.3,191.274656,9.229089
1884-04-01,5.06,186.456806,9.03884
1884-05-01,4.65,175.034339,8.848509
1884-06-01,4.46,167.882398,8.848509
1884-07-01,4.46,169.706025,8.753425
1884-08-01,4.74,180.360215,8.753425
1884-09-01,4.59,176.572267,8.65826
1884-10-01,4.44,172.700126,8.563094
1884-11-01,4.35,173.044034,8.372845
1884-12-01,4.34,174.631079,8.277679
1885-01-01,4.24,170.607321,8.277679
1885-02-01,4.37,173.839639,8.372845
1885-03-01,4.38,178.290317,8.182514
1885-04-01,4.37,175.838206,8.277679
1885-05-01,4.32,177.916506,8.087381
1885-06-01,4.3,181.360087,7.897091
1885-07-01,4.46,185.869093,7.992232
1885-08-01,4.71,196.287764,7.992232
1885-09-01,4.65,196.121955,7.897091
1885-10-01,4.92,207.509681,7.897091
1885-11-01,5.24,218.375347,7.992232
1885-12-01,5.2,211.66887,8.182514
1886-01-01,5.2,216.70836,7.992232
1886-02-01,5.3,220.875828,7.992232
1886-03-01,5.19,218.897407,7.897091
1886-04-01,5.12,218.578606,7.801942
1886-05-01,5.02,219.667195,7.611652
1886-06-01,5.25,232.63973,7.516503
1886-07-01,5.33,233.232301,7.611652
1886-08-01,5.37,232.081757,7.706793
1886-09-01,5.51,238.132306,7.706793
1886-10-01,5.65,244.182854,7.706793
1886-11-01,5.79,250.233403,7.706793
1886-12-01,5.64,240.777995,7.801942
1887-01-01,5.58,232.54474,7.992232
1887-02-01,5.54,228.161445,8.087381
1887-03-01,5.67,233.515414,8.087381
1887-04-01,5.8,238.869383,8.087381
1887-05-01,5.9,242.987821,8.087381
1887-06-01,5.73,238.795942,7.992232
1887-07-01,5.59,235.768113,7.897091
1887-08-01,5.45,227.127031,7.992232
1887-09-01,5.38,226.910993,7.897091
1887-10-01,5.2,216.70836,7.992232
1887-11-01,5.3,218.277195,8.087381
1887-12-01,5.27,212.052025,8.277679
1888-01-01,5.31,211.233062,8.372845
1888-02-01,5.28,212.4544,8.277679
1888-03-01,5.08,204.406885,8.277679
1888-04-01,5.1,207.598314,8.182514
1888-05-01,5.17,212.923226,8.087381
1888-06-01,5.01,208.790169,7.992232
1888-07-01,5.14,211.687695,8.087381
1888-08-01,5.25,216.217976,8.087381
1888-09-01,5.38,221.571945,8.087381
1888-10-01,5.35,217.774702,8.182514
1888-11-01,5.24,210.844897,8.277679
1888-12-01,5.14,206.82114,8.277679
1889-01-01,5.24,218.375347,7.992232
1889-02-01,5.3,223.536852,7.897091
1889-03-01,5.19,221.566985,7.801942
1889-04-01,5.18,221.140074,7.801942
1889-05-01,5.32,232.794717,7.611652
1889-06-01,5.41,236.732973,7.611652
1889-07-01,5.3,231.919549,7.611652
1889-08-01,5.37,234.982637,7.611652
1889-09-01,5.5,237.700124,7.706793
1889-10-01,5.4,233.378303,7.706793
1889-11-01,5.35,231.217393,7.706793
1889-12-01,5.32,227.116832,7.801942
1890-01-01,5.38,235.420221,7.611652
1890-02-01,5.32,232.794717,7.611652
1890-03-01,5.28,231.044381,7.611652
1890-04-01,5.39,235.857805,7.611652
1890-05-01,5.62,242.886308,7.706793
1890-06-01,5.58,241.15758,7.706793
1890-07-01,5.54,239.428852,7.706793
1890-08-01,5.41,225.460043,7.992232
1890-09-01,5.32,219.100883,8.087381
1890-10-01,5.08,209.216632,8.087381
1890-11-01,4.71,198.652561,7.897091
1890-12-01,4.6,194.013116,7.897091
1891-01-01,4.84,206.625088,7.801942
1891-02-01,4.9,206.666146,7.897091
1891-03-01,4.81,200.455233,7.992232
1891-04-01,4.97,204.686351,8.087381
1891-05-01,4.95,206.289688,7.992232
1891-06-01,4.85,207.051999,7.801942
1891-07-01,4.77,206.150835,7.706793
1891-08-01,4.93,213.065747,7.706793
1891-09-01,5.33,233.232301,7.611652
1891-10-01,5.33,233.232301,7.611652
1891-11-01,5.25,232.63973,7.516503
1891-12-01,5.41,239.729703,7.516503
1892-01-01,5.51,250.50274,7.326213
1892-02-01,5.52,250.957373,7.326213
1892-03-01,5.58,260.450066,7.135923
1892-04-01,5.57,263.496727,7.040774
1892-05-01,5.57,263.496727,7.040774
1892-06-01,5.54,262.077535,7.040774
1892-07-01,5.54,255.18051,7.231072
1892-08-01,5.62,255.503702,7.326213
1892-09-01,5.48,249.138841,7.326213
1892-10-01,5.59,254.139803,7.326213
1892-11-01,5.57,246.819676,7.516503
1892-12-01,5.51,241.108814,7.611652
1893-01-01,5.61,236.611649,7.897091
1893-02-01,5.51,229.627512,7.992232
1893-03-01,5.31,226.689921,7.801942
1893-04-01,5.31,229.488665,7.706793
1893-05-01,4.84,211.790682,7.611652
1893-06-01,4.61,206.898683,7.421362
1893-07-01,4.18,192.536919,7.231072
1893-08-01,4.08,195.654015,6.945633
1893-09-01,4.37,201.288597,7.231072
1893-10-01,4.5,204.584815,7.326213
1893-11-01,4.57,213.307671,7.135923
1893-12-01,4.41,208.621287,7.040774
1894-01-01,4.32,210.040445,6.850483
1894-02-01,4.38,215.95693,6.755342
1894-03-01,4.51,228.811976,6.565052
1894-04-01,4.57,231.856038,6.565052
1894-05-01,4.4,223.231196,6.565052
1894-06-01,4.34,220.187134,6.565052
1894-07-01,4.25,215.621042,6.565052
1894-08-01,4.41,217.436087,6.755342
1894-09-01,4.48,217.819721,6.850483
1894-10-01,4.34,217.041757,6.660193
1894-11-01,4.34,217.041757,6.660193
1894-12-01,4.3,218.15776,6.565052
1895-01-01,4.25,215.621042,6.565052
1895-02-01,4.19,212.57698,6.565052
1895-03-01,4.19,212.57698,6.565052
1895-04-01,4.37,212.471469,6.850483
1895-05-01,4.61,221.069856,6.945633
1895-06-01,4.7,222.340147,7.040774
1895-07-01,4.72,226.344841,6.945633
1895-08-01,4.79,232.892068,6.850483
1895-09-01,4.82,234.350682,6.850483
1895-10-01,4.75,230.947249,6.850483
1895-11-01,4.59,223.167973,6.850483
1895-12-01,4.32,212.998616,6.755342
1896-01-01,4.27,213.541084,6.660193
1896-02-01,4.45,225.767914,6.565052
1896-03-01,4.38,222.216509,6.565052
1896-04-01,4.42,227.543737,6.469903
1896-05-01,4.4,229.89506,6.374754
1896-06-01,4.32,229.134908,6.279613
1896-07-01,4.04,214.283572,6.279613
1896-08-01,3.81,202.084259,6.279613
1896-09-01,4.01,212.692357,6.279613
1896-10-01,4.1,211.069982,6.469903
1896-11-01,4.38,219.042142,6.660193
1896-12-01,4.22,211.040602,6.660193
1897-01-01,4.22,217.24764,6.469903
1897-02-01,4.18,215.188421,6.469903
1897-03-01,4.19,215.703226,6.469903
1897-04-01,4.06,212.130441,6.374754
1897-05-01,4.08,216.405191,6.279613
1897-06-01,4.27,226.482884,6.279613
1897-07-01,4.46,236.560577,6.279613
1897-08-01,4.75,240.988223,6.565052
1897-09-01,4.98,245.540071,6.755342
1897-10-01,4.82,241.046375,6.660193
1897-11-01,4.65,232.54474,6.660193
1897-12-01,4.75,237.545702,6.660193
1898-01-01,4.88,244.046953,6.660193
1898-02-01,4.87,240.116496,6.755342
1898-03-01,4.65,229.269344,6.755342
1898-04-01,4.57,225.324925,6.755342
1898-05-01,4.87,224.319329,7.231072
1898-06-01,5.06,249.48449,6.755342
1898-07-01,5.08,254.048877,6.660193
1898-08-01,5.27,263.550705,6.660193
1898-09-01,5.26,263.050609,6.660193
1898-10-01,5.15,257.54955,6.660193
1898-11-01,5.32,266.051186,6.660193
1898-12-01,5.65,278.574579,6.755342
1899-01-01,6.08,299.77583,6.755342
1899-02-01,6.31,302.592362,6.945633
1899-03-01,6.4,306.908259,6.945633
1899-04-01,6.48,306.545564,7.040774
1899-05-01,6.21,293.772832,7.040774
1899-06-01,6.07,283.321129,7.135923
1899-07-01,6.28,289.265994,7.231072
1899-08-01,6.44,292.783602,7.326213
1899-09-01,6.37,278.741043,7.611652
1899-10-01,6.34,274.003415,7.706793
1899-11-01,6.46,275.784725,7.801942
1899-12-01,6.02,253.904122,7.897091
1900-01-01,6.1,257.278263,7.897091
1900-02-01,6.21,258.799791,7.992232
1900-03-01,6.26,260.883525,7.992232
1900-04-01,6.34,264.2175,7.992232
1900-05-01,6.04,257.854449,7.801942
1900-06-01,5.86,253.258677,7.706793
1900-07-01,5.86,250.170045,7.801942
1900-08-01,5.94,256.716134,7.706793
1900-09-01,5.8,247.608577,7.801942
1900-10-01,6.01,259.741408,7.706793
1900-11-01,6.48,280.053964,7.706793
1900-12-01,6.87,300.620245,7.611652
1901-01-01,7.07,305.552705,7.706793
1901-02-01,7.25,317.248439,7.611652
1901-03-01,7.51,328.625625,7.611652
1901-04-01,8.14,360.702363,7.516503
1901-05-01,7.73,342.534308,7.516503
1901-06-01,8.5,376.654802,7.516503
1901-07-01,7.93,347.004155,7.611652
1901-08-01,8.04,347.474363,7.706793
1901-09-01,8.0,341.529071,7.801942
1901-10-01,7.91,337.686869,7.801942
1901-11-01,8.08,340.788257,7.897091
1901-12-01,7.95,331.313742,7.992232
1902-01-01,8.12,342.475327,7.897091
1902-02-01,8.19,345.427701,7.897091
1902-03-01,8.2,345.849468,7.897091
1902-04-01,8.48,353.401325,7.992232
1902-05-01,8.46,348.419825,8.087381
1902-06-01,8.41,342.333691,8.182514
1902-07-01,8.6,350.067746,8.182514
1902-08-01,8.83,363.658044,8.087381
1902-09-01,8.85,360.244134,8.182514
1902-10-01,8.57,326.094312,8.753425
1902-11-01,8.24,324.108495,8.467929
1902-12-01,8.05,313.116219,8.563094
1903-01-01,8.46,325.446924,8.65826
1903-02-01,8.41,323.523479,8.65826
1903-03-01,8.08,321.424321,8.372845
1903-04-01,7.75,308.296843,8.372845
1903-05-01,7.6,309.362194,8.182514
1903-06-01,7.18,292.265862,8.182514
1903-07-01,6.85,278.83303,8.182514
1903-08-01,6.63,269.877809,8.182514
1903-09-01,6.47,260.337116,8.277679
1903-10-01,6.26,254.816755,8.182514
1903-11-01,6.28,258.637884,8.087381
1903-12-01,6.57,270.581353,8.087381
1904-01-01,6.68,268.787006,8.277679
1904-02-01,6.5,255.668109,8.467929
1904-03-01,6.48,257.775941,8.372845
1904-04-01,6.64,267.177503,8.277679
1904-05-01,6.5,267.698447,8.087381
1904-06-01,6.51,268.110291,8.087381
1904-07-01,6.78,279.230072,8.087381
1904-08-01,7.01,285.345919,8.182514
1904-09-01,7.32,294.539055,8.277679
1904-10-01,7.75,311.841213,8.277679
1904-11-01,8.17,321.355146,8.467929
1904-12-01,8.25,324.501831,8.467929
1905-01-01,8.43,331.58187,8.467929
1905-02-01,8.8,346.135286,8.467929
1905-03-01,9.05,360.011152,8.372845
1905-04-01,8.94,355.635326,8.372845
1905-05-01,8.5,342.019394,8.277679
1905-06-01,8.6,346.043152,8.277679
1905-07-01,8.87,356.907298,8.277679
1905-08-01,9.2,365.978187,8.372845
1905-09-01,9.23,371.392825,8.277679
1905-10-01,9.36,376.62371,8.277679
1905-11-01,9.31,370.354014,8.372845
1905-12-01,9.54,375.242117,8.467929
1906-01-01,9.87,388.22219,8.467929
1906-02-01,9.8,385.468841,8.467929
1906-03-01,9.56,376.028788,8.467929
1906-04-01,9.43,370.915426,8.467929
1906-05-01,9.18,357.069179,8.563094
1906-06-01,9.3,361.73675,8.563094
1906-07-01,9.06,364.552437,8.277679
1906-08-01,9.73,382.715492,8.467929
1906-09-01,10.03,390.131141,8.563094
1906-10-01,9.73,370.233099,8.753425
1906-11-01,9.93,373.783007,8.848509
1906-12-01,9.84,366.45405,8.943674
1907-01-01,9.56,359.855544,8.848509
1907-02-01,9.26,341.223325,9.03884
1907-03-01,8.35,310.964565,8.943674
1907-04-01,8.39,312.454216,8.943674
1907-05-01,8.1,295.368503,9.134005
1907-06-01,7.84,282.942133,9.229089
1907-07-01,8.14,293.769,9.229089
1907-08-01,7.53,271.75437,9.229089
1907-09-01,7.45,268.867205,9.229089
1907-10-01,6.64,237.188902,9.324255
1907-11-01,6.25,232.757908,8.943674
1907-12-01,6.57,249.992956,8.753425
1908-01-01,6.85,263.511989,8.65826
1908-02-01,6.6,256.716404,8.563094
1908-03-01,6.87,267.218438,8.563094
1908-04-01,7.24,278.514862,8.65826
1908-05-01,7.63,293.517734,8.65826
1908-06-01,7.64,293.902423,8.65826
1908-07-01,7.92,301.361371,8.753425
1908-08-01,8.26,314.298602,8.753425
1908-09-01,8.17,310.874041,8.753425
1908-10-01,8.27,311.29763,8.848509
1908-11-01,8.83,328.840372,8.943674
1908-12-01,9.03,332.748016,9.03884
1909-01-01,9.06,337.405863,8.943674
1909-02-01,8.8,324.272706,9.03884
1909-03-01,8.92,328.694607,9.03884
1909-04-01,9.32,336.354679,9.229089
1909-05-01,9.63,343.995351,9.324255
1909-06-01,9.8,346.531188,9.41942
1909-07-01,9.94,351.481634,9.41942
1909-08-01,10.18,356.367696,9.514585
1909-09-01,10.19,353.188165,9.609669
1909-10-01,10.23,347.68821,9.8
1909-11-01,10.18,342.661358,9.895165
1909-12-01,10.3,343.398008,9.990331
1910-01-01,10.08,339.295333,9.895165
1910-02-01,9.72,327.177642,9.895165
1910-03-01,9.96,328.931887,10.085415
1910-04-01,9.72,318.005143,10.18058
1910-05-01,9.56,318.726695,9.990331
1910-06-01,9.1,306.308287,9.895165
1910-07-01,8.64,290.824571,9.895165
1910-08-01,8.85,300.785989,9.8
1910-09-01,8.91,305.79471,9.704835
1910-10-01,9.32,329.558232,9.41942
1910-11-01,9.31,335.993783,9.229089
1910-12-01,9.05,326.610498,9.229089
1911-01-01,9.27,334.550201,9.229089
1911-02-01,9.43,351.185131,8.943674
1911-03-01,9.32,343.434275,9.03884
1911-04-01,9.28,353.110294,8.753425
1911-05-01,9.48,360.720429,8.753425
1911-06-01,9.67,367.950058,8.753425
1911-07-01,9.63,362.490469,8.848509
1911-08-01,9.17,334.386318,9.134005
1911-09-01,8.67,312.896466,9.229089
1911-10-01,8.72,314.700944,9.229089
1911-11-01,9.07,330.739793,9.134005
1911-12-01,9.11,335.695949,9.03884
1912-01-01,9.12,332.563056,9.134005
1912-02-01,9.04,326.249602,9.229089
1912-03-01,9.3,328.851026,9.41942
1912-04-01,9.59,329.132577,9.704835
1912-05-01,9.58,328.789374,9.704835
1912-06-01,9.58,332.0454,9.609669
1912-07-01,9.59,332.392003,9.609669
1912-08-01,9.81,336.683064,9.704835
1912-09-01,9.86,335.112977,9.8
1912-10-01,9.84,334.433235,9.8
1912-11-01,9.73,330.694652,9.8
1912-12-01,9.38,321.925295,9.704835
1913-01-01,9.3,316.080191,9.8
1913-02-01,8.97,304.864443,9.8
1913-03-01,8.8,299.086633,9.8
1913-04-01,8.79,298.746761,9.8
1913-05-01,8.55,293.585625,9.7
1913-06-01,8.12,275.975393,9.8
1913-07-01,8.23,276.888582,9.9
1913-08-01,8.45,284.290221,9.9
1913-09-01,8.53,284.111909,10.0
1913-10-01,8.26,275.118917,10.0
1913-11-01,8.05,265.469672,10.1
1913-12-01,8.04,267.791295,10.0
1914-01-01,8.37,278.782729,10.0
1914-02-01,8.48,285.299535,9.9
1914-03-01,8.32,279.916525,9.9
1914-04-01,8.12,275.975393,9.8
1914-05-01,8.17,274.869953,9.9
1914-06-01,8.13,273.524201,9.9
1914-07-01,7.68,255.80064,10.0
1914-08-01,7.68,250.784941,10.2
1914-09-01,7.68,250.784941,10.2
1914-10-01,7.68,253.26796,10.1
1914-11-01,7.68,250.784941,10.2
1914-12-01,7.35,242.385353,10.1
1915-01-01,7.48,246.672441,10.1
1915-02-01,7.38,245.808427,10.0
1915-03-01,7.57,254.683665,9.9
1915-04-01,8.14,271.122032,10.0
1915-05-01,7.95,262.171912,10.1
1915-06-01,8.04,265.139896,10.1
1915-07-01,8.01,264.150568,10.1
1915-08-01,8.35,275.362952,10.1
1915-09-01,8.66,285.586007,10.1
1915-10-01,9.14,298.460203,10.2
1915-11-01,9.46,305.910454,10.3
1915-12-01,9.48,306.557199,10.3
1916-01-01,9.33,298.805585,10.4
1916-02-01,9.2,294.642163,10.4
1916-03-01,9.17,290.884408,10.5
1916-04-01,9.07,284.998011,10.6
1916-05-01,9.27,288.560155,10.7
1916-06-01,9.36,288.663917,10.8
1916-07-01,9.23,284.654696,10.8
1916-08-01,9.3,284.18219,10.9
1916-09-01,9.68,290.464315,11.1
1916-10-01,9.98,294.16602,11.3
1916-11-01,10.21,295.711564,11.5
1916-12-01,9.8,281.389892,11.6
1917-01-01,9.57,272.437247,11.7
1917-02-01,9.03,250.637997,12.0
1917-03-01,9.31,258.409718,12.0
1917-04-01,9.17,242.403674,12.6
1917-05-01,8.86,230.549486,12.8
1917-06-01,9.04,231.614362,13.0
1917-07-01,8.79,228.727989,12.8
1917-08-01,8.53,218.547622,13.0
1917-09-01,8.12,203.350289,13.3
1917-10-01,7.68,189.481956,13.5
1917-11-01,7.04,173.691793,13.5
1917-12-01,6.8,165.321277,13.7
1918-01-01,7.21,171.532981,14.0
1918-02-01,7.43,175.513331,14.1
1918-03-01,7.28,173.19835,14.0
1918-04-01,7.21,169.117024,14.2
1918-05-01,7.44,170.90129,14.5
1918-06-01,7.45,168.802683,14.7
1918-07-01,7.51,165.65456,15.1
1918-08-01,7.58,163.941495,15.4
1918-09-01,7.54,159.96026,15.7
1918-10-01,7.86,163.62248,16.0
1918-11-01,8.06,164.697817,16.3
1918-12-01,7.9,159.471674,16.5
1919-01-01,7.85,158.46236,16.5
1919-02-01,7.88,162.013651,16.2
1919-03-01,8.12,164.912125,16.4
1919-04-01,8.39,167.334656,16.7
1919-05-01,8.97,176.785298,16.9
1919-06-01,9.21,181.515339,16.9
1919-07-01,9.51,182.042032,17.4
1919-08-01,8.87,166.91323,17.7
1919-09-01,9.01,168.595196,17.8
1919-10-01,9.47,174.265658,18.1
1919-11-01,9.19,165.456636,18.5
1919-12-01,8.92,157.196712,18.9
1920-01-01,8.83,152.385555,19.3
1920-02-01,8.1,138.353712,19.5
1920-03-01,8.67,146.586265,19.7
1920-04-01,8.6,141.105135,20.3
1920-05-01,8.06,130.319147,20.6
1920-06-01,7.92,126.217421,20.9
1920-07-01,7.91,126.664104,20.8
1920-08-01,7.6,124.697562,20.3
1920-09-01,7.87,131.064521,20.0
1920-10-01,7.88,131.89051,19.9
1920-11-01,7.48,125.827861,19.8
1920-12-01,6.81,116.919187,19.4
1921-01-01,7.11,124.639703,19.0
1921-02-01,7.06,127.79895,18.4
1921-03-01,6.88,125.221169,18.3
1921-04-01,6.91,127.156885,18.1
1921-05-01,7.12,133.982209,17.7
1921-06-01,6.55,123.956424,17.6
1921-07-01,6.53,122.879751,17.7
1921-08-01,6.45,121.374333,17.7
1921-09-01,6.61,125.806714,17.5
1921-10-01,6.7,127.519664,17.5
1921-11-01,7.06,135.143717,17.4
1921-12-01,7.31,140.738099,17.3
1922-01-01,7.3,143.872093,16.9
1922-02-01,7.46,147.025454,16.9
1922-03-01,7.74,154.370708,16.7
1922-04-01,8.21,163.74464,16.7
1922-05-01,8.53,170.126891,16.7
1922-06-01,8.45,168.531329,16.7
1922-07-01,8.51,168.717715,16.8
1922-08-01,8.83,177.171157,16.6
1922-09-01,9.06,181.786035,16.6
1922-10-01,9.26,184.686403,16.7
1922-11-01,8.8,174.467202,16.8
1922-12-01,8.78,173.040682,16.9
1923-01-01,8.9,176.449784,16.8
1923-02-01,9.28,183.983595,16.8
1923-03-01,9.43,186.957468,16.8
1923-04-01,9.1,179.347404,16.9
1923-05-01,8.67,170.872746,16.9
1923-06-01,8.34,163.402063,17.0
1923-07-01,8.06,156.079908,17.2
1923-08-01,8.1,157.771776,17.1
1923-09-01,8.15,157.822736,17.2
1923-10-01,8.03,154.600128,17.3
1923-11-01,8.27,159.220804,17.3
1923-12-01,8.55,164.611593,17.3
1924-01-01,8.83,170.002382,17.3
1924-02-01,8.87,171.765358,17.2
1924-03-01,8.7,169.458575,17.1
1924-04-01,8.5,166.536875,17.0
1924-05-01,8.47,165.949098,17.0
1924-06-01,8.63,169.08391,17.0
1924-07-01,9.03,175.886314,17.1
1924-08-01,9.34,182.994637,17.0
1924-09-01,9.25,180.171473,17.1
1924-10-01,9.13,176.800194,17.2
1924-11-01,9.64,186.676218,17.2
1924-12-01,10.16,195.60863,17.3
1925-01-01,10.58,203.694814,17.3
1925-02-01,10.67,206.621914,17.2
1925-03-01,10.39,200.036778,17.3
1925-04-01,10.28,199.06966,17.2
1925-05-01,10.61,204.272398,17.3
1925-06-01,10.8,205.554086,17.5
1925-07-01,11.1,208.876758,17.7
1925-08-01,11.25,211.699417,17.7
1925-09-01,11.51,216.592026,17.7
1925-10-01,11.89,223.742762,17.7
1925-11-01,12.26,226.860232,18.0
1925-12-01,12.46,231.849102,17.9
1926-01-01,12.65,235.384522,17.9
1926-02-01,12.67,235.756671,17.9
1926-03-01,11.81,220.98882,17.8
1926-04-01,11.48,213.613779,17.9
1926-05-01,11.56,216.310817,17.8
1926-06-01,12.11,227.882662,17.7
1926-07-01,12.62,240.193756,17.5
1926-08-01,13.12,251.145264,17.4
1926-09-01,13.32,253.516706,17.5
1926-10-01,13.02,246.398876,17.6
1926-11-01,13.19,248.205806,17.7
1926-12-01,13.49,253.851124,17.7
1927-01-01,13.4,255.039329,17.5
1927-02-01,13.66,261.482036,17.4
1927-03-01,13.87,267.036585,17.3
1927-04-01,14.21,273.582543,17.3
1927-05-01,14.7,281.389892,17.4
1927-06-01,14.89,281.787962,17.6
1927-07-01,15.22,293.027889,17.3
1927-08-01,16.03,310.416989,17.2
1927-09-01,16.94,326.142736,17.3
1927-10-01,16.68,319.291388,17.4
1927-11-01,17.06,328.453074,17.3
1927-12-01,17.46,336.154201,17.3
1928-01-01,17.53,337.501898,17.3
1928-02-01,17.32,337.358909,17.1
1928-03-01,18.25,355.473447,17.1
1928-04-01,19.4,377.873143,17.1
1928-05-01,20.0,387.295058,17.2
1928-06-01,19.02,370.471504,17.1
1928-07-01,19.16,373.198424,17.1
1928-08-01,19.78,385.274782,17.1
1928-09-01,21.17,407.582155,17.3
1928-10-01,21.6,418.278663,17.2
1928-11-01,23.06,446.551202,17.2
1928-12-01,23.15,450.915632,17.1
1929-01-01,24.86,484.223007,17.1
1929-02-01,24.99,486.755147,17.1
1929-03-01,25.43,498.239145,17.0
1929-04-01,25.28,498.23103,16.9
1929-05-01,25.66,502.745437,17.0
1929-06-01,26.15,509.349624,17.1
1929-07-01,28.48,548.320254,17.3
1929-08-01,30.1,579.509819,17.3
1929-09-01,31.3,602.613201,17.3
1929-10-01,27.99,538.886374,17.3
1929-11-01,20.58,396.222993,17.3
1929-12-01,21.4,414.405712,17.2
1930-01-01,21.71,422.867317,17.1
1930-02-01,23.07,452.000671,17.0
1930-03-01,23.94,471.821632,16.9
1930-04-01,25.46,498.826922,17.0
1930-05-01,23.94,471.821632,16.9
1930-06-01,21.52,426.651613,16.8
1930-07-01,21.06,422.562239,16.6
1930-08-01,20.79,419.672925,16.5
1930-09-01,20.78,416.944128,16.6
1930-10-01,17.92,361.738279,16.5
1930-11-01,16.62,337.541812,16.4
1930-12-01,15.51,320.867942,16.1
1931-01-01,15.98,334.749593,15.9
1931-02-01,17.2,364.896083,15.7
1931-03-01,17.53,374.280951,15.6
1931-04-01,15.86,340.809656,15.5
1931-05-01,14.33,311.95731,15.3
1931-06-01,13.87,305.942577,15.1
1931-07-01,14.33,316.089195,15.1
1931-08-01,13.9,306.604313,15.1
1931-09-01,11.83,262.684164,15.0
1931-10-01,10.25,229.127915,14.9
1931-11-01,10.39,235.417433,14.7
1931-12-01,8.44,192.544003,14.6
1932-01-01,8.3,193.322526,14.3
1932-02-01,8.23,194.411132,14.1
1932-03-01,8.26,196.513512,14.0
1932-04-01,6.28,150.482241,13.9
1932-05-01,5.51,133.958859,13.7
1932-06-01,4.77,116.82072,13.6
1932-07-01,5.01,122.698492,13.6
1932-08-01,7.53,185.781136,13.5
1932-09-01,8.26,205.312625,13.4
1932-10-01,7.12,178.30715,13.3
1932-11-01,7.05,177.891662,13.2
1932-12-01,6.82,173.401754,13.1
1933-01-01,7.09,183.061464,12.9
1933-02-01,6.25,163.914247,12.7
1933-03-01,6.23,164.686465,12.6
1933-04-01,6.89,182.133186,12.6
1933-05-01,8.87,234.473346,12.6
1933-06-01,10.39,272.491044,12.7
1933-07-01,11.23,285.528108,13.1
1933-08-01,10.67,269.234615,13.2
1933-09-01,10.58,266.963657,13.2
1933-10-01,9.55,240.973812,13.2
1933-11-01,9.78,246.777369,13.2
1933-12-01,9.97,251.571613,13.2
1934-01-01,10.54,265.954343,13.2
1934-02-01,11.32,283.488335,13.3
1934-03-01,10.74,268.963314,13.3
1934-04-01,10.92,273.471079,13.3
1934-05-01,9.81,245.673195,13.3
1934-06-01,9.94,247.071125,13.4
1934-07-01,9.47,235.388687,13.4
1934-08-01,9.1,226.191875,13.4
1934-09-01,8.88,217.477566,13.6
1934-10-01,8.95,220.81556,13.5
1934-11-01,9.2,226.983593,13.5
1934-12-01,9.26,230.168875,13.4
1935-01-01,9.26,226.784039,13.6
1935-02-01,8.98,218.321334,13.7
1935-03-01,8.41,204.463521,13.7
1935-04-01,9.04,218.187442,13.8
1935-05-01,9.75,235.323845,13.8
1935-06-01,10.12,246.03696,13.7
1935-07-01,10.65,258.922295,13.7
1935-08-01,11.37,276.426901,13.7
1935-09-01,11.61,282.261769,13.7
1935-10-01,11.92,289.798474,13.7
1935-11-01,13.04,314.730558,13.8
1935-12-01,13.04,314.730558,13.8
1936-01-01,13.76,332.108319,13.8
1936-02-01,14.55,351.175584,13.8
1936-03-01,14.86,361.275615,13.7
1936-04-01,14.88,361.761854,13.7
1936-05-01,14.09,342.555411,13.7
1936-06-01,14.69,354.554593,13.8
1936-07-01,15.56,372.850903,13.9
1936-08-01,15.87,377.562887,14.0
1936-09-01,16.05,381.845263,14.0
1936-10-01,16.89,401.829688,14.0
1936-11-01,17.36,413.01145,14.0
1936-12-01,17.06,405.874155,14.0
1937-01-01,17.59,415.515409,14.1
1937-02-01,18.11,427.79898,14.1
1937-03-01,18.09,424.317193,14.2
1937-04-01,17.01,396.194719,14.3
1937-05-01,16.25,375.864475,14.4
1937-06-01,15.64,361.755101,14.4
1937-07-01,16.57,380.622899,14.5
1937-08-01,16.74,384.527902,14.5
1937-09-01,14.37,327.826698,14.6
1937-10-01,12.28,280.146962,14.6
1937-11-01,11.2,257.270759,14.5
1937-12-01,11.02,254.893939,14.4
1938-01-01,11.31,265.286205,14.2
1938-02-01,11.04,260.78966,14.1
1938-03-01,10.31,243.545416,14.1
1938-04-01,9.89,231.97883,14.2
1938-05-01,9.98,235.750073,14.1
1938-06-01,10.21,241.183191,14.1
1938-07-01,12.24,289.136362,14.1
1938-08-01,12.31,290.789919,14.1
1938-09-01,11.75,277.561458,14.1
1938-10-01,13.06,310.710227,14.0
1938-11-01,13.07,310.948137,14.0
1938-12-01,12.69,301.907563,14.0
1939-01-01,12.5,297.387277,14.0
1939-02-01,12.4,297.13054,13.9
1939-03-01,12.39,296.890918,13.9
1939-04-01,10.83,261.390486,13.8
1939-05-01,11.23,271.044798,13.8
1939-06-01,11.43,275.871954,13.8
1939-07-01,11.71,282.629972,13.8
1939-08-01,11.54,278.526889,13.8
1939-09-01,12.77,301.656155,14.1
1939-10-01,12.9,306.90367,14.0
1939-11-01,12.67,301.431744,14.0
1939-12-01,12.37,294.294449,14.0
1940-01-01,12.3,294.734326,13.9
1940-02-01,12.22,290.725802,14.0
1940-03-01,12.15,289.060433,14.0
1940-04-01,12.27,291.915351,14.0
1940-05-01,10.58,251.708591,14.0
1940-06-01,9.67,228.427175,14.1
1940-07-01,9.99,237.671912,14.0
1940-08-01,10.2,242.668018,14.0
1940-09-01,10.63,252.89814,14.0
1940-10-01,10.73,255.277238,14.0
1940-11-01,10.98,261.224984,14.0
1940-12-01,10.53,248.742311,14.1
1941-01-01,10.55,249.214756,14.1
1941-02-01,9.89,233.62407,14.1
1941-03-01,9.95,233.386184,14.2
1941-04-01,9.64,224.533633,14.3
1941-05-01,9.43,218.117046,14.4
1941-06-01,9.76,221.142844,14.7
1941-07-01,10.26,232.471883,14.7
1941-08-01,10.21,228.233758,14.9
1941-09-01,10.24,225.87253,15.1
1941-10-01,9.83,213.994442,15.3
1941-11-01,9.37,202.655912,15.4
1941-12-01,8.76,188.24039,15.5
1942-01-01,8.93,189.448955,15.7
1942-02-01,8.65,182.347338,15.8
1942-03-01,8.18,170.283955,16.0
1942-04-01,7.84,162.192435,16.1
1942-05-01,7.93,162.041401,16.3
1942-06-01,8.33,170.21499,16.3
1942-07-01,8.64,175.473,16.4
1942-08-01,8.59,173.400213,16.5
1942-09-01,8.68,175.216979,16.5
1942-10-01,9.32,185.883075,16.7
1942-11-01,9.47,187.750501,16.8
1942-12-01,9.52,187.624976,16.9
1943-01-01,10.09,198.858825,16.9
1943-02-01,10.69,210.683928,16.9
1943-03-01,11.07,214.367815,17.2
1943-04-01,11.44,218.98642,17.4
1943-05-01,11.89,226.299822,17.5
1943-06-01,12.1,230.296707,17.5
1943-07-01,12.35,236.405794,17.4
1943-08-01,11.74,226.028082,17.3
1943-09-01,11.99,229.514613,17.4
1943-10-01,11.88,227.408974,17.4
1943-11-01,11.33,216.880781,17.4
1943-12-01,11.48,219.752106,17.4
1944-01-01,11.85,226.834709,17.4
1944-02-01,11.77,225.303335,17.4
1944-03-01,12.1,231.620251,17.4
1944-04-01,11.89,226.299822,17.5
1944-05-01,12.1,230.296707,17.5
1944-06-01,12.67,239.775251,17.6
1944-07-01,13.0,244.630438,17.7
1944-08-01,12.81,241.05507,17.7
1944-09-01,12.6,237.103347,17.7
1944-10-01,12.91,242.936843,17.7
1944-11-01,12.82,241.243247,17.7
1944-12-01,13.1,245.12731,17.8
1945-01-01,13.49,252.424994,17.8
1945-02-01,13.94,260.845397,17.8
1945-03-01,13.93,260.658277,17.8
1945-04-01,14.28,267.20748,17.8
1945-05-01,14.82,275.762736,17.9
1945-06-01,15.09,277.684137,18.1
1945-07-01,14.78,271.979559,18.1
1945-08-01,14.83,272.899653,18.1
1945-09-01,15.84,291.485536,18.1
1945-10-01,16.5,303.630767,18.1
1945-11-01,17.04,313.567773,18.1
1945-12-01,17.33,317.152093,18.2
1946-01-01,18.02,329.779614,18.2
1946-02-01,18.07,332.521694,18.1
1946-03-01,17.53,319.059171,18.3
1946-04-01,18.66,337.780227,18.4
1946-05-01,18.7,336.674547,18.5
1946-06-01,18.58,330.936378,18.7
1946-07-01,18.05,303.635414,19.8
1946-08-01,17.7,291.851751,20.2
1946-09-01,15.09,246.376612,20.4
1946-10-01,14.75,236.194126,20.8
1946-11-01,14.69,229.711427,21.3
1946-12-01,15.13,234.390969,21.5
1947-01-01,15.21,235.630313,21.5
1947-02-01,15.8,244.770477,21.5
1947-03-01,15.16,230.566121,21.9
1947-04-01,14.6,222.049167,21.9
1947-05-01,14.34,218.094866,21.9
1947-06-01,14.84,224.673384,22.0
1947-07-01,15.77,236.602389,22.2
1947-08-01,15.46,228.858674,22.5
1947-09-01,15.06,218.090899,23.0
1947-10-01,15.45,223.738671,23.0
1947-11-01,15.27,220.174726,23.1
1947-12-01,15.03,213.935832,23.4
1948-01-01,14.83,208.417034,23.7
1948-02-01,14.1,199.84425,23.5
1948-03-01,14.3,203.545069,23.4
1948-04-01,15.4,215.518309,23.8
1948-05-01,16.15,225.068664,23.9
1948-06-01,16.82,232.460601,24.1
1948-07-01,16.42,224.142253,24.4
1948-08-01,15.94,216.70186,24.5
1948-09-01,15.76,214.254788,24.5
1948-10-01,16.19,221.002623,24.4
1948-11-01,15.29,210.442051,24.2
1948-12-01,15.19,209.933206,24.1
1949-01-01,15.36,213.1672,24.0
1949-02-01,14.77,206.701651,23.8
1949-03-01,14.91,208.660908,23.8
1949-04-01,14.89,207.509127,23.9
1949-05-01,14.78,206.841598,23.8
1949-06-01,13.97,194.687878,23.9
1949-07-01,14.76,207.433272,23.7
1949-08-01,15.29,213.978892,23.8
1949-09-01,15.49,215.870811,23.9
1949-10-01,15.89,223.314004,23.7
1949-11-01,16.11,225.454543,23.8
1949-12-01,16.54,233.433891,23.6
1950-01-01,16.88,239.246166,23.5
1950-02-01,17.21,243.923372,23.5
1950-03-01,17.35,244.865659,23.6
1950-04-01,17.84,251.781174,23.6
1950-05-01,18.44,259.151053,23.7
1950-06-01,18.74,262.260591,23.8
1950-07-01,17.38,240.200074,24.1
1950-08-01,18.43,252.615194,24.3
1950-09-01,19.08,260.452752,24.4
1950-10-01,19.87,269.031521,24.6
1950-11-01,19.83,267.402934,24.7
1950-12-01,19.75,263.128263,25.0
1951-01-01,21.21,278.129694,25.4
1951-02-01,22.0,285.121498,25.7
1951-03-01,21.63,279.239737,25.8
1951-04-01,21.92,282.983589,25.8
1951-05-01,21.93,282.019588,25.9
1951-06-01,21.55,277.132792,25.9
1951-07-01,21.93,282.019588,25.9
1951-08-01,22.89,294.365179,25.9
1951-09-01,23.48,299.638761,26.1
1951-10-01,23.36,296.969573,26.2
1951-11-01,22.71,286.519124,26.4
1951-12-01,23.41,294.236094,26.5
1952-01-01,24.19,304.039774,26.5
1952-02-01,23.75,300.779527,26.3
1952-03-01,23.81,301.539391,26.3
1952-04-01,23.74,299.514046,26.4
1952-05-01,23.73,299.387882,26.4
1952-06-01,24.38,306.42785,26.5
1952-07-01,25.08,312.864781,26.7
1952-08-01,25.18,314.112248,26.7
1952-09-01,24.78,309.122379,26.7
1952-10-01,24.26,302.63555,26.7
1952-11-01,25.03,312.241047,26.7
1952-12-01,26.04,324.840466,26.7
1953-01-01,26.18,327.814691,26.6
1953-02-01,25.86,325.029705,26.5
1953-03-01,25.99,325.435593,26.6
1953-04-01,24.71,309.407984,26.6
1953-05-01,24.84,309.87086,26.7
1953-06-01,23.95,297.653594,26.8
1953-07-01,24.29,301.879156,26.8
1953-08-01,24.39,301.995121,26.9
1953-09-01,23.27,288.127367,26.9
1953-10-01,23.97,295.695474,27.0
1953-11-01,24.5,303.357133,26.9
1953-12-01,24.83,307.443168,26.9
1954-01-01,25.46,315.24378,26.9
1954-02-01,26.02,322.177657,26.9
1954-03-01,26.57,328.987715,26.9
1954-04-01,27.63,343.389094,26.8
1954-05-01,28.73,355.732671,26.9
1954-06-01,28.96,358.580513,26.9
1954-07-01,30.13,373.067364,26.9
1954-08-01,30.73,380.496518,26.9
1954-09-01,31.45,390.864531,26.8
1954-10-01,32.18,399.937062,26.8
1954-11-01,33.44,415.5965,26.8
1954-12-01,34.97,436.23929,26.7
1955-01-01,35.6,444.098333,26.7
1955-02-01,36.79,458.943193,26.7
1955-03-01,36.5,455.325538,26.7
1955-04-01,37.76,471.043625,26.7
1955-05-01,37.6,469.047678,26.7
1955-06-01,39.78,496.242463,26.7
1955-07-01,42.69,530.556656,26.8
1955-08-01,42.43,527.325344,26.8
1955-09-01,44.34,549.014501,26.9
1955-10-01,42.11,521.402811,26.9
1955-11-01,44.95,556.567474,26.9
1955-12-01,45.37,563.864031,26.8
1956-01-01,44.15,548.701719,26.8
1956-02-01,44.43,552.181594,26.8
1956-03-01,47.49,590.211656,26.8
1956-04-01,48.05,594.951438,26.9
1956-05-01,46.54,574.120456,27.0
1956-06-01,46.27,566.592736,27.2
1956-07-01,48.78,592.968523,27.4
1956-08-01,48.49,591.602423,27.3
1956-09-01,46.84,569.385929,27.4
1956-10-01,46.24,560.048371,27.5
1956-11-01,45.76,554.23472,27.5
1956-12-01,46.44,560.432788,27.6
1957-01-01,45.43,548.24422,27.6
1957-02-01,43.47,522.697325,27.7
1957-03-01,44.03,527.526518,27.8
1957-04-01,45.05,537.812632,27.9
1957-05-01,46.78,556.471072,28.0
1957-06-01,47.55,563.61768,28.1
1957-07-01,48.51,570.933131,28.3
1957-08-01,45.84,539.508859,28.3
1957-09-01,43.98,517.617792,28.3
1957-10-01,41.24,485.369663,28.3
1957-11-01,40.35,473.22274,28.4
1957-12-01,40.33,472.988181,28.4
1958-01-01,41.12,478.88086,28.6
1958-02-01,41.26,480.511291,28.6
1958-03-01,42.11,487.004709,28.8
1958-04-01,42.34,487.970331,28.9
1958-05-01,43.7,503.64439,28.9
1958-06-01,44.75,515.745686,28.9
1958-07-01,45.98,528.094173,29.0
1958-08-01,47.7,549.744563,28.9
1958-09-01,48.96,564.266118,28.9
1958-10-01,50.95,587.200954,28.9
1958-11-01,52.5,602.978341,29.0
1958-12-01,53.49,616.474564,28.9
1959-01-01,55.62,638.812482,29.0
1959-02-01,54.77,631.226619,28.9
1959-03-01,56.16,647.246429,28.9
1959-04-01,57.1,655.810728,29.0
1959-05-01,57.96,665.688088,29.0
1959-06-01,57.46,657.677583,29.1
1959-07-01,59.74,681.432391,29.2
1959-08-01,59.4,677.554135,29.2
1959-09-01,57.05,648.527558,29.3
1959-10-01,57.0,645.75523,29.4
1959-11-01,57.23,648.360909,29.4
1959-12-01,59.06,669.09305,29.4
1960-01-01,58.03,659.667908,29.3
1960-02-01,55.78,631.933802,29.4
1960-03-01,55.02,623.323732,29.4
1960-04-01,55.73,629.227122,29.5
1960-05-01,55.22,623.468897,29.5
1960-06-01,57.26,644.317666,29.6
1960-07-01,55.84,628.339128,29.6
1960-08-01,56.51,635.878298,29.6
1960-09-01,54.81,616.749062,29.6
1960-10-01,53.73,600.538677,29.8
1960-11-01,55.47,619.986608,29.8
1960-12-01,56.8,634.85198,29.8
1961-01-01,59.72,667.488737,29.8
1961-02-01,62.17,694.872317,29.8
1961-03-01,64.12,716.667411,29.8
1961-04-01,65.83,735.780032,29.8
1961-05-01,66.5,743.268603,29.8
1961-06-01,65.62,733.432868,29.8
1961-07-01,65.44,726.544873,30.0
1961-08-01,67.79,755.152827,29.9
1961-09-01,67.26,746.751347,30.0
1961-10-01,68.0,754.967167,30.0
1961-11-01,71.08,789.162738,30.0
1961-12-01,71.74,796.490361,30.0
1962-01-01,69.07,766.846797,30.0
1962-02-01,70.22,777.024542,30.1
1962-03-01,70.29,777.799132,30.1
1962-04-01,68.05,750.518831,30.2
1962-05-01,62.99,694.712434,30.2
1962-06-01,55.63,613.539494,30.2
1962-07-01,56.97,626.244605,30.3
1962-08-01,58.52,643.283031,30.3
1962-09-01,58.0,635.469655,30.4
1962-10-01,56.17,615.419491,30.4
1962-11-01,60.04,657.820656,30.4
1962-12-01,62.64,686.307227,30.4
1963-01-01,65.06,712.82165,30.4
1963-02-01,65.92,722.244132,30.4
1963-03-01,65.67,717.146005,30.5
1963-04-01,68.76,750.890198,30.5
1963-05-01,70.14,765.96042,30.5
1963-06-01,70.11,763.130739,30.6
1963-07-01,69.07,749.361691,30.7
1963-08-01,70.98,770.083869,30.7
1963-09-01,72.85,790.372075,30.7
1963-10-01,73.03,789.752466,30.8
1963-11-01,72.62,785.318692,30.8
1963-12-01,74.17,799.484791,30.9
1964-01-01,76.45,824.061106,30.9
1964-02-01,77.39,834.193447,30.9
1964-03-01,78.8,849.391958,30.9
1964-04-01,79.94,861.680116,30.9
1964-05-01,80.72,870.087803,30.9
1964-06-01,80.24,862.123797,31.0
1964-07-01,83.22,891.2668,31.1
1964-08-01,82.0,881.03379,31.0
1964-09-01,83.41,893.301656,31.1
1964-10-01,84.85,908.72372,31.1
1964-11-01,85.44,912.109654,31.2
1964-12-01,83.96,896.310002,31.2
1965-01-01,86.12,919.368954,31.2
1965-02-01,86.75,926.094481,31.2
1965-03-01,86.83,923.98702,31.3
1965-04-01,87.97,933.136872,31.4
1965-05-01,89.28,947.032624,31.4
1965-06-01,85.04,896.347839,31.6
1965-07-01,84.91,894.977598,31.6
1965-08-01,86.49,911.631286,31.6
1965-09-01,89.38,942.092778,31.6
1965-10-01,91.39,960.240063,31.7
1965-11-01,92.15,968.225428,31.7
1965-12-01,91.73,960.781607,31.8
1966-01-01,93.32,977.435294,31.8
1966-02-01,92.69,964.768934,32.0
1966-03-01,88.88,922.230371,32.1
1966-04-01,91.6,944.568282,32.3
1966-05-01,86.78,894.865016,32.3
1966-06-01,86.06,884.701448,32.4
1966-07-01,85.84,879.724637,32.5
1966-08-01,80.65,821.480059,32.7
1966-09-01,77.81,792.552553,32.7
1966-10-01,77.13,780.850405,32.9
1966-11-01,80.99,819.928359,32.9
1966-12-01,81.33,823.370459,32.9
1967-01-01,84.45,854.956784,32.9
1967-02-01,87.36,884.417106,32.9
1967-03-01,89.42,902.528931,33.0
1967-04-01,90.96,915.29874,33.1
1967-05-01,92.59,928.894534,33.2
1967-06-01,91.43,914.502491,33.3
1967-07-01,93.01,927.520643,33.4
1967-08-01,94.49,939.466825,33.5
1967-09-01,95.81,949.755833,33.6
1967-10-01,95.66,945.455042,33.7
1967-11-01,92.66,913.095079,33.8
1967-12-01,95.3,936.34007,33.9
1968-01-01,95.04,928.308774,34.1
1968-02-01,90.75,883.814117,34.2
1968-03-01,89.09,865.117796,34.3
1968-04-01,95.67,926.312955,34.4
1968-05-01,97.87,944.867476,34.5
1968-06-01,100.5,964.666048,34.7
1968-07-01,100.3,957.229144,34.9
1968-08-01,98.11,933.653303,35.0
1968-09-01,101.3,961.264127,35.1
1968-10-01,103.8,979.406664,35.3
1968-11-01,105.4,991.69416,35.4
1968-12-01,106.5,999.22125,35.5
1969-01-01,102.0,954.31243,35.6
1969-02-01,101.5,944.329207,35.8
1969-03-01,99.3,916.183473,36.1
1969-04-01,101.3,929.486801,36.3
1969-05-01,104.6,957.129512,36.4
1969-06-01,99.14,902.211245,36.6
1969-07-01,94.71,857.21236,36.8
1969-08-01,94.18,847.807724,37.0
1969-09-01,94.51,848.485178,37.1
1969-10-01,95.52,852.954547,37.3
1969-11-01,96.21,854.534013,37.5
1969-12-01,91.11,804.942954,37.7
1970-01-01,90.31,795.764295,37.8
1970-02-01,87.16,763.966001,38.0
1970-03-01,88.65,772.957799,38.2
1970-04-01,85.95,743.576333,38.5
1970-05-01,76.06,656.310607,38.6
1970-06-01,75.59,648.892906,38.8
1970-07-01,75.72,646.675496,39.0
1970-08-01,77.92,665.464272,39.0
1970-09-01,82.58,701.664038,39.2
1970-10-01,84.37,713.234322,39.4
1970-11-01,84.28,708.875143,39.6
1970-12-01,90.05,753.600281,39.8
1971-01-01,93.49,782.388565,39.8
1971-02-01,97.11,810.646413,39.9
1971-03-01,99.6,829.353637,40.0
1971-04-01,103.0,855.526091,40.1
1971-05-01,101.6,839.709504,40.3
1971-06-01,99.72,818.081634,40.6
1971-07-01,99.0,810.179392,40.7
1971-08-01,97.24,793.825771,40.8
1971-09-01,99.4,811.459087,40.8
1971-10-01,97.29,792.292057,40.9
1971-11-01,92.78,755.564365,40.9
1971-12-01,99.17,803.672112,41.1
1972-01-01,103.3,837.141566,41.1
1972-02-01,105.2,848.410617,41.3
1972-03-01,107.7,866.474466,41.4
1972-04-01,108.8,873.215036,41.5
1972-05-01,107.7,862.308723,41.6
1972-06-01,108.0,862.63705,41.7
1972-07-01,107.2,852.160048,41.9
1972-08-01,111.0,880.266339,42.0
1972-09-01,109.4,865.517061,42.1
1972-10-01,109.6,862.999598,42.3
1972-11-01,115.1,904.169543,42.4
1972-12-01,117.5,920.850956,42.5
1973-01-01,118.4,925.726103,42.6
1973-02-01,114.2,886.643875,42.9
1973-03-01,112.4,864.607148,43.3
1973-04-01,110.3,842.615473,43.6
1973-05-01,107.2,813.337267,43.9
1973-06-01,104.8,789.731425,44.2
1973-07-01,105.8,795.467331,44.3
1973-08-01,103.8,766.586591,45.1
1973-09-01,105.6,778.154602,45.2
1973-10-01,109.8,802.00653,45.6
1973-11-01,102.0,740.163889,45.9
1973-12-01,94.78,683.305845,46.2
1974-01-01,96.11,686.946741,46.6
1974-02-01,93.45,659.443685,47.2
1974-03-01,97.44,678.968749,47.8
1974-04-01,92.46,641.583311,48.0
1974-05-01,89.67,614.541629,48.6
1974-06-01,89.79,610.340653,49.0
1974-07-01,79.31,534.738444,49.4
1974-08-01,76.03,506.471944,50.0
1974-09-01,68.12,448.39889,50.6
1974-10-01,69.44,452.615288,51.1
1974-11-01,71.74,463.974967,51.5
1974-12-01,67.07,430.428833,51.9
1975-01-01,72.56,463.873921,52.1
1975-02-01,80.1,508.175379,52.5
1975-03-01,83.78,529.5051,52.7
1975-04-01,84.72,533.421703,52.9
1975-05-01,90.1,564.096708,53.2
1975-06-01,92.4,574.179375,53.6
1975-07-01,92.49,568.37622,54.2
1975-08-01,85.71,525.741273,54.3
1975-09-01,84.67,516.508323,54.6
1975-10-01,88.57,537.346849,54.9
1975-11-01,90.07,542.494623,55.3
1975-12-01,88.7,532.317867,55.5
1976-01-01,96.86,580.243227,55.6
1976-02-01,100.6,600.4878,55.8
1976-03-01,101.1,602.392775,55.9
1976-04-01,101.9,604.994922,56.1
1976-05-01,101.2,596.585195,56.5
1976-06-01,101.8,596.952601,56.8
1976-07-01,104.2,607.815845,57.1
1976-08-01,103.3,599.416696,57.4
1976-09-01,105.5,610.056955,57.6
1976-10-01,101.9,586.18679,57.9
1976-11-01,101.2,581.156267,58.0
1976-12-01,104.7,599.189375,58.2
1977-01-01,103.8,590.992397,58.5
1977-02-01,101.0,569.212331,59.1
1977-03-01,100.6,563.146542,59.5
1977-04-01,99.05,549.849249,60.0
1977-05-01,98.76,545.511833,60.3
1977-06-01,99.29,544.825249,60.7
1977-07-01,100.2,547.114586,61.0
1977-08-01,97.75,531.992795,61.2
1977-09-01,96.23,522.014446,61.4
1977-10-01,93.74,506.85606,61.6
1977-11-01,94.28,507.305221,61.9
1977-12-01,93.82,503.204174,62.1
1978-01-01,90.25,480.958495,62.5
1978-02-01,88.98,471.174917,62.9
1978-03-01,88.82,466.618462,63.4
1978-04-01,92.71,483.243621,63.9
1978-05-01,97.41,503.018822,64.5
1978-06-01,97.66,498.895436,65.2
1978-07-01,97.19,492.715948,65.7
1978-08-01,103.9,524.338828,66.0
1978-09-01,103.9,520.39643,66.5
1978-10-01,100.6,499.362433,67.1
1978-11-01,94.71,468.032861,67.4
1978-12-01,96.11,472.846649,67.7
1979-01-01,99.71,486.248662,68.3
1979-02-01,98.23,473.485303,69.1
1979-03-01,100.1,477.660206,69.8
1979-04-01,102.1,481.683143,70.6
1979-05-01,99.73,464.579652,71.5
1979-06-01,101.7,468.514528,72.3
1979-07-01,102.7,467.943558,73.1
1979-08-01,107.4,484.717083,73.8
1979-09-01,108.6,484.8768,74.6
1979-10-01,104.5,462.848496,75.2
1979-11-01,103.7,455.069142,75.9
1979-12-01,107.8,468.127122,76.7
1980-01-01,110.9,474.779934,77.8
1980-02-01,115.3,486.735151,78.9
1980-03-01,104.7,435.366063,80.1
1980-04-01,103.0,423.538225,81.0
1980-05-01,107.7,438.533531,81.8
1980-06-01,114.6,461.550807,82.7
1980-07-01,119.8,482.493776,82.7
1980-08-01,123.5,493.812823,83.3
1980-09-01,126.5,501.593207,84.0
1980-10-01,130.2,511.393894,84.8
1980-11-01,135.7,528.632841,85.5
1980-12-01,133.5,515.241548,86.3
1981-01-01,133.0,509.18171,87.0
1981-02-01,128.4,486.537765,87.9
1981-03-01,133.2,501.30422,88.5
1981-04-01,134.4,502.414276,89.1
1981-05-01,131.7,488.48344,89.8
1981-06-01,132.3,486.375906,90.6
1981-07-01,129.1,469.430362,91.6
1981-08-01,129.6,467.674518,92.3
1981-09-01,118.3,422.774942,93.2
1981-10-01,119.8,427.218793,93.4
1981-11-01,122.9,436.870479,93.7
1981-12-01,123.8,438.665215,94.0
1982-01-01,117.3,414.31125,94.3
1982-02-01,114.5,403.138947,94.6
1982-03-01,110.8,390.524566,94.5
1982-04-01,116.3,408.182056,94.9
1982-05-01,116.4,404.695037,95.8
1982-06-01,109.7,376.682375,97.0
1982-07-01,109.4,373.725828,97.5
1982-08-01,109.7,373.983525,97.7
1982-09-01,122.4,416.427242,97.9
1982-10-01,132.7,450.090495,98.2
1982-11-01,138.1,469.362091,98.0
1982-12-01,139.4,475.722139,97.6
1983-01-01,144.3,491.437036,97.8
1983-02-01,146.8,499.440516,97.9
1983-03-01,151.9,516.791651,97.9
1983-04-01,157.7,532.715318,98.6
1983-05-01,164.1,550.981879,99.2
1983-06-01,166.4,557.019819,99.5
1983-07-01,167.0,556.789952,99.9
1983-08-01,162.4,539.832106,100.2
1983-09-01,167.2,553.028113,100.7
1983-10-01,167.7,553.034335,101.0
1983-11-01,165.2,543.713276,101.2
1983-12-01,164.4,540.546145,101.3
1984-01-01,166.4,543.900608,101.9
1984-02-01,157.3,511.645516,102.4
1984-03-01,157.4,510.97279,102.6
1984-04-01,157.6,509.140863,103.1
1984-05-01,156.6,504.442449,103.4
1984-06-01,153.1,491.741477,103.7
1984-07-01,151.1,483.452869,104.1
1984-08-01,164.4,523.993536,104.5
1984-09-01,166.1,526.890951,105.0
1984-10-01,164.8,521.277816,105.3
1984-11-01,166.3,526.022456,105.3
1984-12-01,164.5,520.328888,105.3
1985-01-01,171.6,541.757872,105.5
1985-02-01,180.9,568.424919,106.0
1985-03-01,179.4,561.592394,106.4
1985-04-01,180.6,562.704577,106.9
1985-05-01,184.9,573.954673,107.3
1985-06-01,188.9,584.736351,107.6
1985-07-01,192.5,594.774554,107.8
1985-08-01,188.3,580.720251,108.0
1985-09-01,184.1,566.19462,108.3
1985-10-01,186.2,570.545835,108.7
1985-11-01,197.5,603.505189,109.0
1985-12-01,207.3,631.712611,109.3
1986-01-01,208.2,632.718565,109.6
1986-02-01,219.4,668.585368,109.3
1986-03-01,232.3,711.149192,108.8
1986-04-01,238.0,729.940631,108.6
1986-05-01,238.5,729.459039,108.9
1986-06-01,245.3,746.146035,109.5
1986-07-01,240.2,730.633011,109.5
1986-08-01,245.0,743.874829,109.7
1986-09-01,238.3,720.249316,110.2
1986-10-01,237.4,716.878588,110.3
1986-11-01,245.1,739.459929,110.4
1986-12-01,248.6,749.340581,110.5
1987-01-01,264.5,792.248263,111.2
1987-02-01,280.9,838.354985,111.6
1987-03-01,292.5,869.081819,112.1
1987-04-01,289.3,854.997656,112.7
1987-05-01,289.1,851.384802,113.1
1987-06-01,301.4,884.479544,113.5
1987-07-01,310.1,907.611335,113.8
1987-08-01,329.4,959.042773,114.4
1987-09-01,318.7,923.048732,115.0
1987-10-01,280.2,809.429876,115.3
1987-11-01,245.0,707.132312,115.4
1987-12-01,241.0,695.587294,115.4
1988-01-01,250.5,721.132017,115.7
1988-02-01,258.1,741.089094,116.0
1988-03-01,265.7,759.63687,116.5
1988-04-01,262.6,746.927129,117.1
1988-05-01,256.1,725.959041,117.5
1988-06-01,270.7,764.093764,118.0
1988-07-01,269.1,756.372541,118.5
1988-08-01,263.7,738.080234,119.0
1988-09-01,268.0,745.106553,119.8
1988-10-01,277.4,768.674361,120.2
1988-11-01,271.0,750.315763,120.3
1988-12-01,276.5,764.272962,120.5
1989-01-01,285.4,784.964891,121.1
1989-02-01,294.0,805.293442,121.6
1989-03-01,292.7,797.143799,122.3
1989-04-01,302.3,817.938218,123.1
1989-05-01,313.9,844.522214,123.8
1989-06-01,323.7,868.783021,124.1
1989-07-01,331.9,888.642907,124.4
1989-08-01,346.6,926.511732,124.6
1989-09-01,347.3,925.412107,125.0
1989-10-01,347.4,921.256535,125.6
1989-11-01,340.2,900.013421,125.9
1989-12-01,348.6,920.773269,126.1
1990-01-01,339.97,888.815406,127.4
1990-02-01,330.45,859.876724,128.0
1990-03-01,338.46,875.929615,128.7
1990-04-01,338.18,873.847019,128.9
1990-05-01,350.25,902.934063,129.2
1990-06-01,360.39,924.06812,129.9
1990-07-01,360.03,919.605385,130.4
1990-08-01,330.75,837.113547,131.6
1990-09-01,315.41,791.671375,132.7
1990-10-01,307.12,766.24427,133.5
1990-11-01,315.29,784.864145,133.8
1990-12-01,328.75,818.370668,133.8
1991-01-01,325.49,805.439635,134.6
1991-02-01,362.26,895.09864,134.8
1991-03-01,372.28,918.494042,135.0
1991-04-01,379.68,935.365691,135.2
1991-05-01,377.99,928.45536,135.6
1991-06-01,378.29,926.45933,136.0
1991-07-01,380.23,929.843113,136.2
1991-08-01,389.4,949.479636,136.6
1991-09-01,387.2,939.98656,137.2
1991-10-01,386.88,937.842594,137.4
1991-11-01,385.92,932.799866,137.8
1991-12-01,388.51,938.379134,137.9
1992-01-01,416.08,1003.514308,138.1
1992-02-01,412.56,991.43511,138.6
1992-03-01,407.36,974.019546,139.3
1992-04-01,407.41,972.742484,139.5
1992-05-01,414.81,988.993001,139.7
1992-06-01,408.27,969.928815,140.2
1992-07-01,415.05,983.930676,140.5
1992-08-01,417.93,987.945439,140.9
1992-09-01,418.48,986.445173,141.3
1992-10-01,412.5,968.920465,141.8
1992-11-01,422.84,991.809186,142.0
1992-12-01,435.64,1022.552843,141.9
1993-01-01,435.23,1016.575654,142.6
1993-02-01,441.7,1028.082987,143.1
1993-03-01,450.16,1044.1259,143.6
1993-04-01,443.08,1024.849425,144.0
1993-05-01,445.25,1028.440272,144.2
1993-06-01,448.06,1033.497399,144.4
1993-07-01,447.29,1031.721313,144.4
1993-08-01,454.13,1044.604849,144.8
1993-09-01,459.24,1054.174976,145.1
1993-10-01,463.9,1060.486703,145.7
1993-11-01,462.89,1057.452045,145.8
1993-12-01,465.95,1064.442482,145.8
1994-01-01,472.99,1077.568762,146.2
1994-02-01,471.58,1070.694745,146.7
1994-03-01,463.81,1049.476467,147.2
1994-04-01,447.23,1010.587335,147.4
1994-05-01,450.9,1018.189518,147.5
1994-06-01,454.83,1023.594147,148.0
1994-07-01,451.4,1013.13673,148.4
1994-08-01,464.24,1037.759448,149.0
1994-09-01,466.96,1041.044969,149.4
1994-10-01,463.81,1033.330676,149.5
1994-11-01,461.01,1025.720304,149.7
1994-12-01,455.19,1012.771144,149.7
1995-01-01,465.25,1031.021705,150.3
1995-02-01,481.92,1063.717042,150.9
1995-03-01,493.15,1084.909642,151.4
1995-04-01,507.91,1113.703018,151.9
1995-05-01,523.81,1146.303292,152.2
1995-06-01,539.35,1177.98903,152.5
1995-07-01,557.37,1217.346335,152.5
1995-08-01,559.11,1217.952023,152.9
1995-09-01,578.77,1258.310015,153.2
1995-10-01,582.92,1263.209827,153.7
1995-11-01,595.53,1291.376369,153.6
1995-12-01,614.57,1333.531821,153.5
1996-01-01,614.42,1325.435061,154.4
1996-02-01,649.54,1396.67349,154.9
1996-03-01,647.07,1384.213432,155.7
1996-04-01,647.17,1379.112852,156.3
1996-05-01,661.23,1406.375196,156.6
1996-06-01,668.5,1420.930452,156.7
1996-07-01,644.07,1366.387326,157.0
1996-08-01,662.68,1403.186984,157.3
1996-09-01,674.88,1424.49184,157.8
1996-10-01,701.46,1475.918589,158.3
1996-11-01,735.67,1544.97078,158.6
1996-12-01,743.25,1560.889437,158.6
1997-01-01,766.22,1604.071456,159.1
1997-02-01,798.39,1666.182652,159.6
1997-03-01,792.16,1649.048136,160.0
1997-04-01,763.93,1588.296066,160.2
1997-05-01,833.09,1733.169334,160.1
1997-06-01,876.29,1820.768536,160.3
1997-07-01,925.29,1920.185733,160.5
1997-08-01,927.24,1920.642437,160.8
1997-09-01,937.02,1936.084152,161.2
1997-10-01,951.16,1960.435817,161.6
1997-11-01,938.92,1936.406225,161.5
1997-12-01,962.37,1987.229912,161.3
1998-01-01,963.36,1985.581236,161.6
1998-02-01,1023.74,2106.120573,161.9
1998-03-01,1076.83,2211.244181,162.2
1998-04-01,1112.2,2279.659229,162.5
1998-05-01,1108.42,2267.724852,162.8
1998-06-01,1108.39,2264.881066,163.0
1998-07-01,1156.58,2360.456114,163.2
1998-08-01,1074.62,2190.500081,163.4
1998-09-01,1020.64,2077.924158,163.6
1998-10-01,1032.47,2096.882041,164.0
1998-11-01,1144.43,2324.265803,164.0
1998-12-01,1190.05,2418.391801,163.9
1999-01-01,1248.77,2531.542951,164.3
1999-02-01,1246.58,2524.030853,164.5
1999-03-01,1281.66,2587.195772,165.0
1999-04-01,1334.76,2674.930918,166.2
1999-05-01,1332.07,2669.540013,166.2
1999-06-01,1322.55,2650.46142,166.2
1999-07-01,1380.99,2759.277253,166.7
1999-08-01,1327.49,2646.032749,167.1
1999-09-01,1318.17,2614.936421,167.9
1999-10-01,1300.01,2574.311568,168.2
1999-11-01,1391.0,2752.855533,168.3
1999-12-01,1428.68,2827.426056,168.3
2000-01-01,1425.59,2812.953834,168.8
2000-02-01,1388.87,2724.358888,169.8
2000-03-01,1442.21,2805.854515,171.2
2000-04-01,1461.36,2841.451578,171.3
2000-05-01,1418.48,2754.859784,171.5
2000-06-01,1461.96,2824.480856,172.4
2000-07-01,1473.0,2839.222418,172.8
2000-08-01,1485.46,2863.239194,172.8
2000-09-01,1468.05,2815.019682,173.7
2000-10-01,1390.14,2661.029556,174.0
2000-11-01,1378.04,2636.352386,174.1
2000-12-01,1330.93,2547.688771,174.0
2001-01-01,1335.63,2540.624173,175.1
2001-02-01,1305.75,2473.896752,175.8
2001-03-01,1185.85,2241.631705,176.2
2001-04-01,1189.84,2240.274001,176.9
2001-05-01,1270.37,2381.130556,177.7
2001-06-01,1238.71,2317.875196,178.0
2001-07-01,1204.45,2260.116497,177.5
2001-08-01,1178.5,2211.422053,177.5
2001-09-01,1044.64,1951.442301,178.3
2001-10-01,1076.59,2017.917099,177.7
2001-11-01,1129.68,2121.007632,177.4
2001-12-01,1144.93,2158.155793,176.7
2002-01-01,1140.21,2144.404407,177.1
2002-02-01,1100.67,2061.891363,177.8
2002-03-01,1153.79,2149.312987,178.8
2002-04-01,1111.93,2059.814766,179.8
2002-05-01,1079.25,1999.276111,179.8
2002-06-01,1014.02,1877.395464,179.9
2002-07-01,903.59,1671.083341,180.1
2002-08-01,912.55,1682.050086,180.7
2002-09-01,867.81,1596.932215,181.0
2002-10-01,854.63,1570.076222,181.3
2002-11-01,909.93,1671.670145,181.3
2002-12-01,899.18,1655.573546,180.9
2003-01-01,895.84,1642.16174,181.7
2003-02-01,837.03,1522.625456,183.1
2003-03-01,846.63,1530.89158,184.2
2003-04-01,890.03,1612.870673,183.8
2003-05-01,935.96,1698.875788,183.5
2003-06-01,988.0,1791.381954,183.7
2003-07-01,992.54,1797.656443,183.9
2003-08-01,989.53,1785.408818,184.6
2003-09-01,1019.44,1833.416327,185.2
2003-10-01,1038.73,1870.128088,185.0
2003-11-01,1049.9,1895.361139,184.5
2003-12-01,1080.64,1952.972421,184.3
2004-01-01,1132.52,2036.785547,185.2
2004-02-01,1143.36,2045.237394,186.2
2004-03-01,1123.98,1997.696017,187.4
2004-04-01,1133.36,2007.938645,188.0
2004-05-01,1102.78,1942.395928,189.1
2004-06-01,1132.76,1988.890991,189.7
2004-07-01,1105.85,1944.718091,189.4
2004-08-01,1088.94,1913.970076,189.5
2004-09-01,1117.66,1960.311782,189.9
2004-10-01,1117.21,1949.257854,190.9
2004-11-01,1168.94,2038.446227,191.0
2004-12-01,1199.21,2098.924707,190.3
2005-01-01,1181.41,2063.432926,190.7
2005-02-01,1199.63,2083.239117,191.8
2005-03-01,1194.9,2058.923041,193.3
2005-04-01,1164.43,1993.016787,194.6
2005-05-01,1178.28,2018.797007,194.4
2005-06-01,1202.25,2058.806766,194.5
2005-07-01,1222.24,2083.398466,195.4
2005-08-01,1224.27,2076.233197,196.4
2005-09-01,1225.92,2053.932453,198.8
2005-10-01,1191.96,1993.025035,199.2
2005-11-01,1237.37,2085.7058,197.6
2005-12-01,1262.07,2135.987742,196.8
2006-01-01,1278.73,2147.813396,198.3
2006-02-01,1276.65,2140.003034,198.7
2006-03-01,1293.74,2156.710878,199.8
2006-04-01,1302.17,2152.449851,201.5
2006-05-01,1290.01,2121.819596,202.5
2006-06-01,1253.17,2057.161317,202.9
2006-07-01,1260.24,2062.66763,203.5
2006-08-01,1287.15,2102.579094,203.9
2006-09-01,1317.74,2163.157237,202.9
2006-10-01,1363.38,2250.277945,201.8
2006-11-01,1388.64,2295.382294,201.5
2006-12-01,1416.42,2337.821214,201.8
2007-01-01,1424.16,2343.44277,202.416
2007-02-01,1444.8,2364.753409,203.499
2007-03-01,1406.95,2282.023611,205.352
2007-04-01,1463.64,2358.650627,206.686
2007-05-01,1511.14,2420.406285,207.949
2007-06-01,1514.19,2420.600433,208.352
2007-07-01,1520.71,2431.64193,208.299
2007-08-01,1454.62,2330.236288,207.917
2007-09-01,1497.12,2391.728009,208.49
2007-10-01,1539.66,2454.437387,208.936
2007-11-01,1463.39,2319.077706,210.177
2007-12-01,1479.22,2345.737647,210.036
2008-01-01,1378.76,2175.61476,211.08
2008-02-01,1354.87,2131.726754,211.693
2008-03-01,1316.94,2054.241806,213.528
2008-04-01,1370.47,2124.854332,214.823
2008-05-01,1403.22,2157.464029,216.632
2008-06-01,1341.25,2041.611257,218.815
2008-07-01,1257.33,1903.873443,219.964
2008-08-01,1281.47,1948.203073,219.086
2008-09-01,1216.95,1852.676397,218.783
2008-10-01,968.8,1489.944956,216.573
2008-11-01,883.04,1384.570762,212.425
2008-12-01,877.56,1390.358088,210.228
2009-01-01,865.58,1365.434689,211.143
2009-02-01,805.23,1263.948272,212.193
2009-03-01,757.13,1185.563979,212.709
2009-04-01,848.15,1324.781941,213.24
2009-05-01,902.41,1405.474164,213.856
2009-06-01,926.12,1430.117164,215.693
2009-07-01,935.82,1447.390895,215.351
2009-08-01,1009.73,1558.209353,215.834
2009-09-01,1044.55,1610.935762,215.969
2009-10-01,1067.66,1644.99239,216.177
2009-11-01,1088.07,1675.253341,216.33
2009-12-01,1110.38,1712.619325,215.949
2010-01-01,1123.58,1727.076401,216.687
2010-02-01,1089.16,1673.751646,216.741
2010-03-01,1152.05,1763.156966,217.631
2010-04-01,1197.32,1829.263298,218.009
2010-05-01,1125.06,1717.533176,218.178
2010-06-01,1083.36,1655.489541,217.965
2010-07-01,1079.8,1649.701324,218.011
2010-08-01,1087.28,1658.838849,218.312
2010-09-01,1122.08,1710.937119,218.439
2010-10-01,1171.58,1784.192583,218.711
2010-11-01,1198.89,1825.015142,218.803
2010-12-01,1241.53,1886.681903,219.179
2011-01-01,1282.62,1939.883905,220.223
2011-02-01,1321.12,1988.307717,221.309
2011-03-01,1304.49,1944.320084,223.467
2011-04-01,1331.51,1971.895053,224.906
2011-05-01,1338.31,1972.685606,225.964
2011-06-01,1287.29,1899.51581,225.722
2011-07-01,1325.19,1953.7097,225.922
2011-08-01,1185.31,1742.680909,226.545
2011-09-01,1173.88,1723.259451,226.889
2011-10-01,1207.22,1775.865721,226.421
2011-11-01,1226.42,1805.632801,226.23
2011-12-01,1243.32,1835.040478,225.672
2012-01-01,1300.58,1911.142249,226.665
2012-02-01,1352.49,1978.709391,227.663
2012-03-01,1389.24,2017.155683,229.392
2012-04-01,1386.43,2007.012362,230.085
2012-05-01,1341.27,1943.919364,229.815
2012-06-01,1323.48,1920.952974,229.478
2012-07-01,1359.78,1976.86214,229.104
2012-08-01,1403.45,2029.058006,230.379
2012-09-01,1443.42,2077.574629,231.407
2012-10-01,1437.82,2070.319515,231.317
2012-11-01,1394.51,2017.516539,230.221
2012-12-01,1422.29,2063.26394,229.601
2013-01-01,1480.4,2141.229718,230.28
2013-02-01,1512.31,2169.614685,232.166
2013-03-01,1550.83,2219.07508,232.773
2013-04-01,1570.7,2249.845995,232.531
2013-05-01,1639.84,2344.706511,232.945
2013-06-01,1618.77,2309.038793,233.504
2013-07-01,1668.68,2379.29376,233.596
2013-08-01,1670.09,2378.44311,233.877
2013-09-01,1687.17,2399.976249,234.149
2013-10-01,1720.03,2453.036413,233.546
2013-11-01,1783.54,2548.817544,233.069
2013-12-01,1807.78,2583.680101,233.049
2014-01-01,1822.36,2594.864306,233.916
2014-02-01,1817.04,2577.756832,234.781
2014-03-01,1863.52,2626.779442,236.293
2014-04-01,1864.26,2619.187712,237.072
2014-05-01,1889.77,2645.787224,237.9
2014-06-01,1947.09,2720.971742,238.343
2014-07-01,1973.1,2758.39587,238.25
2014-08-01,1961.53,2746.809583,237.852
2014-09-01,1993.23,2789.101381,238.031
2014-10-01,1937.27,2717.624693,237.433
2014-11-01,2044.57,2883.716762,236.151
2014-12-01,2054.27,2913.920125,234.812
2015-01-01,2028.18,2890.514697,233.707
2015-02-01,2082.2,2954.670471,234.722
2015-03-01,2079.99,2934.071673,236.119
2015-04-01,2094.86,2949.052515,236.599
2015-05-01,2111.94,2958.019283,237.805
2015-06-01,2099.29,2930.037935,238.638
2015-07-01,2094.14,2922.65398,238.654
2015-08-01,2039.87,2850.95063,238.316
2015-09-01,1944.41,2721.771545,237.945
2015-10-01,2024.81,2835.590022,237.838
2015-11-01,2080.62,2919.910615,237.336
2015-12-01,2054.08,2892.548899,236.525
2016-01-01,1918.6,2697.307471,236.916
2016-02-01,1904.42,2675.170325,237.111
2016-03-01,2021.95,2828.088912,238.132
2016-04-01,2075.54,2889.346325,239.261
2016-05-01,2065.55,2863.852758,240.229
2016-06-01,2083.89,2879.82249,241.018
2016-07-01,2148.9,2974.475877,240.628
2016-08-01,2170.95,3002.239816,240.849
2016-09-01,2157.69,2976.746275,241.428
2016-10-01,2143.02,2952.826131,241.729
2016-11-01,2164.99,2987.745493,241.353
2016-12-01,2246.63,3099.39643,241.432
2017-01-01,2275.12,3120.515033,242.839
2017-02-01,2329.91,3185.641642,243.603
2017-03-01,2366.82,3233.479817,243.801
2017-04-01,2359.31,3213.689573,244.524
2017-05-01,2395.35,3259.99439,244.733
2017-06-01,2433.99,3309.580032,244.955
2017-07-01,2454.1,3339.228101,244.786
2017-08-01,2456.22,3332.134809,245.519
2017-09-01,2492.84,3364.001827,246.819
2017-10-01,2557.0,3452.765833,246.663
2017-11-01,2593.61,3502.115826,246.669
2017-12-01,2664.34,3599.737612,246.524
2018-01-01,2789.8,3748.821536,247.867
2018-02-01,2705.16,3618.676119,248.991
2018-03-01,2702.77,3607.32242,249.554
2018-04-01,2653.63,3527.713455,250.546
2018-05-01,2701.49,3576.463921,251.588
2018-06-01,2754.35,3640.641787,251.989
2018-07-01,2793.64,3692.325385,252.006
2018-08-01,2857.82,3775.054231,252.146
2018-09-01,2901.5,3828.304999,252.439
2018-10-01,2785.46,3668.717432,252.885
2018-11-01,2723.23,3598.808228,252.038
2018-12-01,2567.31,3403.627585,251.233
2019-01-01,2607.39,3450.185788,251.712
2019-02-01,2754.86,3629.978918,252.776
2019-03-01,2803.98,3673.97634,254.202
2019-04-01,2903.8,3784.727547,255.548
2019-05-01,2854.71,3712.841342,256.092
2019-06-01,2890.17,3758.212249,256.143
2019-07-01,2996.113636,3889.476224,256.571
2019-08-01,2897.498182,3761.646821,256.558
2019-09-01,2982.156,3868.522163,256.759
2019-10-01,2977.68,3853.90503,257.346
2019-11-01,3104.9045,4020.723248,257.208
2019-12-01,3176.749524,4117.505571,256.974
2020-01-01,3278.202857,4232.581642,257.971
2020-02-01,3277.314211,4219.869235,258.678
2020-03-01,2652.393636,3422.670883,258.115
2020-04-01,2761.975238,3588.069106,256.389
2020-05-01,2919.615,3792.784217,256.394
2020-06-01,3104.660909,4011.222208,257.797
2020-07-01,3207.619091,4123.387093,259.101
2020-08-01,3391.71,4346.330645,259.918
2020-09-01,3365.516667,4306.766778,260.28
2020-10-01,3418.701364,4373.011365,260.388
2020-11-01,3548.9925,4542.446233,260.229
2020-12-01,3695.31,4725.272999,260.474
2021-01-01,3793.748421,4830.600015,261.582
2021-02-01,3883.432105,4917.87241,263.014
2021-03-01,3910.508261,4917.330122,264.877
2021-04-01,4141.17619,5164.936991,267.054
2021-05-01,4167.8495,5156.861243,269.195
2021-06-01,4238.489545,5195.989662,271.696
2021-07-01,4363.712857,5323.890965,273.003
2021-08-01,4454.206364,5423.092759,273.567
2021-09-01,4445.543333,5397.884834,274.31
2021-10-01,4460.707143,5371.668634,276.589
2021-11-01,4667.386667,5593.074891,277.948
2021-12-01,4674.772727,5584.766546,278.802
2022-01-01,4573.8155,5418.56204,281.148
2022-02-01,4435.980526,5207.703016,283.716
2022-03-01,4391.265217,5087.286345,287.504
2022-04-01,4391.296,5059.079538,289.109
2022-05-01,4040.36,4604.024197,292.296
2022-06-01,3898.946667,4382.681667,296.311
2022-07-01,3911.7295,4397.569879,296.276
2022-08-01,4158.563043,4676.7178,296.171
2022-09-01,3850.520476,4320.999752,296.808
2022-10-01,3726.050952,4164.428826,298.012
2022-11-01,3917.488571,4382.816252,297.711
2022-12-01,3912.380952,4390.581425,296.797
2023-01-01,3960.6565,4409.501999,299.17
2023-02-01,4079.684737,4516.805924,300.84
2023-03-01,3968.55913,4379.275075,301.836
2023-04-01,4121.467368,4525.115429,303.363
2023-05-01,4146.173182,4540.805156,304.127
2023-06-01,4345.372857,4743.647787,305.109
2023-07-01,4508.0755,4911.893422,305.691
2023-08-01,4457.358696,4835.516132,307.026
2023-09-01,4409.095,4771.300488,307.789
2023-10-01,4269.400909,4621.902523,307.671
2023-11-01,4460.063333,4838.056283,307.051
2023-12-01,4685.0515,5087.165512,306.746
2024-01-01,4815.613913,5200.603678,308.417
2024-02-01,5011.9615,5379.352074,310.326
2024-03-01,5170.5725,5513.946609,312.332
2024-04-01,5112.492727,5430.865847,313.548
2024-05-01,5235.225455,5552.016195,314.069
2024-06-01,5415.140526,5740.880598,314.175
2024-07-01,5538.004545,5864.322317,314.54
2024-08-01,5478.214545,5796.291763,314.796
2024-09-01,5621.2605,5938.117274,315.301
2024-10-01,5792.319565,6111.782144,315.664
2024-11-01,5929.916,6260.358738,315.493
2024-12-01,6010.908571,6343.612613,315.605
2025-01-01,5979.5155,6269.441185,317.671
2025-02-01,6038.69,6303.486638,319.082
2025-03-01,5683.983333,5919.923589,319.799
2025-04-01,5369.495714,5575.018542,320.795
2025-05-01,5810.919524,6020.763557,321.465
2025-06-01,6029.9515,6226.476724,322.561
2025-07-01,6296.498182,6491.909132,323.048
2025-08-01,6408.949524,6588.922795,323.976
2025-09-01,6584.018095,6751.735213,324.8
2025-10-01,6735.691739,6898.521907,325.212
2025-11-01,6740.885789,6927.058664,324.122
2025-12-01,6853.025455,7043.77322,324.054
2026-01-01,6929.122,7095.755441,325.252
2026-02-01,6893.806316,7026.472823,326.785
2026-03-01,6654.419091,6712.068637,330.213
2026-04-01,6957.007619,6958.130492,333.02
2026-05-01,7412.5515,7367.224348,335.123
2026-06-01,7450.032857,7430.440247,333.952
2026-07-01,7481.339091,7474.769259,333.3665
2026-08-01,7600.5,7600.5,333.07375
